name,email,phone,company,website,city,country_code,address,segment,source,niche,place_id
Le Meridien Hotel,,+56 2 2685 5030,Le Meridien Hotel,https://www.marriott.com/es/hotels/sclhp-le-meridien-santiago/overview/,Santiago,CL,Avenida Libertador Bernardo O'Higgins 136,chile_santiago_hotel_osm_2026_05_12,osm_overpass,tourism,node/252528804
NH Collection Hotels,,,NH Collection Hotels,,Las Condes,CL,Avenida Vitacura 2610,chile_santiago_hotel_osm_2026_05_12,osm_overpass,tourism,node/298973459
Hotel Plaza San Francisco,reservas@plazasanfrancisco.cl,+56 226393832,Hotel Plaza San Francisco,https://www.plazasanfrancisco.cl/,Santiago,CL,Avenida Libertador Bernardo O'Higgins 816,chile_santiago_hotel_osm_2026_05_12,osm_overpass,tourism,node/373489716
Hotel Plaza San Francisco,hotel@plazasanfrancisco.cl,+56 226393832,Hotel Plaza San Francisco,https://www.plazasanfrancisco.cl/,Santiago,CL,Avenida Libertador Bernardo O'Higgins 816,chile_santiago_hotel_osm_2026_05_12,osm_overpass,tourism,node/373489716
Andes Hostel,,,Andes Hostel,,Santiago,CL,,chile_santiago_hotel_osm_2026_05_12,osm_overpass,tourism,node/470328567
Apart Hotel Bellas Artes,,,Apart Hotel Bellas Artes,,Santiago,CL,Mosqueto 403,chile_santiago_hotel_osm_2026_05_12,osm_overpass,tourism,node/470328574
Hotel Diego de Almagro,,,Hotel Diego de Almagro,,Santiago,CL,Avenida Libertador Bernardo O'Higgins 1485,chile_santiago_hotel_osm_2026_05_12,osm_overpass,tourism,node/470354998
Hotel Galerias,,+56 224707400,Hotel Galerias,http://www.hotelgalerias.cl,Santiago,CL,San Antonio 65,chile_santiago_hotel_osm_2026_05_12,osm_overpass,tourism,node/470355001
Imperio Suites,,,Imperio Suites,,Santiago,CL,,chile_santiago_hotel_osm_2026_05_12,osm_overpass,tourism,node/577499511
Los Españoles,,,Los Españoles,,Santiago,CL,,chile_santiago_hotel_osm_2026_05_12,osm_overpass,tourism,node/584243447
Hotel Acacias de Vitacura,,,Hotel Acacias de Vitacura,,Santiago,CL,,chile_santiago_hotel_osm_2026_05_12,osm_overpass,tourism,node/598043009
Hotel Las Flores,,,Hotel Las Flores,,Providencia,CL,Antonio Varas 423,chile_santiago_hotel_osm_2026_05_12,osm_overpass,tourism,node/663047750
Chilhotel,,,Chilhotel,,Providencia,CL,Cirujano Guzman 103,chile_santiago_hotel_osm_2026_05_12,osm_overpass,tourism,node/673025706
De Blasis B&B,,,De Blasis B&B,,Providencia,CL,General Flores 159,chile_santiago_hotel_osm_2026_05_12,osm_overpass,tourism,node/673025718
Posada del Salvador,posadadelsalvador@yahoo.es,+562235 9450,Posada del Salvador,https://www.posadadelsalvador.cl/,Providencia,CL,Eliodoro Yáñez 893,chile_santiago_hotel_osm_2026_05_12,osm_overpass,tourism,node/677236449
Door's,,,Door's,,Santiago,CL,,chile_santiago_hotel_osm_2026_05_12,osm_overpass,tourism,node/686975896
La Fayette,,,La Fayette,,Providencia,CL,,chile_santiago_hotel_osm_2026_05_12,osm_overpass,tourism,node/693176930
Hotel Marina Las Condes,,,Hotel Marina Las Condes,,Las Condes,CL,Avenida Alonso de Córdova 5727,chile_santiago_hotel_osm_2026_05_12,osm_overpass,tourism,node/700728943
Nilontrato Bed & Breakfast,,,Nilontrato Bed & Breakfast,,Providencia,CL,General Flores 238,chile_santiago_hotel_osm_2026_05_12,osm_overpass,tourism,node/702551301
Apart Hotel Bosque Tobalaba,,,Apart Hotel Bosque Tobalaba,,Providencia,CL,Luis Thayer Ojeda 027,chile_santiago_hotel_osm_2026_05_12,osm_overpass,tourism,node/704987931
Time Suites & Apartments Ch,,,Time Suites & Apartments Ch,,Las Condes,CL,Callao 2988,chile_santiago_hotel_osm_2026_05_12,osm_overpass,tourism,node/704988036
Meridiano Sur Petit Hotel,,,Meridiano Sur Petit Hotel,,Providencia,CL,Santa Beatriz 256,chile_santiago_hotel_osm_2026_05_12,osm_overpass,tourism,node/737144232
Hotel Alcala del Rio,,,Hotel Alcala del Rio,,Providencia,CL,Padre Mariano 331,chile_santiago_hotel_osm_2026_05_12,osm_overpass,tourism,node/737152384
Hotel Fundador,,,Hotel Fundador,,Santiago,CL,Serrano 34,chile_santiago_hotel_osm_2026_05_12,osm_overpass,tourism,node/837480825
Tupahue,,,Tupahue,,Santiago,CL,,chile_santiago_hotel_osm_2026_05_12,osm_overpass,tourism,node/890540215
Panamericana Hotel Providencia,,,Panamericana Hotel Providencia,,Providencia,CL,Francisco Noguera 146,chile_santiago_hotel_osm_2026_05_12,osm_overpass,tourism,node/976145327
Apart Hotel Diego de Almagro,,,Apart Hotel Diego de Almagro,,Las Condes,CL,Avenida Apoquindo,chile_santiago_hotel_osm_2026_05_12,osm_overpass,tourism,node/1110457902
Hotel Park Inn,,+56222151535,Hotel Park Inn,,Las Condes,CL,Avenida Las Condes 13343,chile_santiago_hotel_osm_2026_05_12,osm_overpass,tourism,node/1119960125
Plaza El Bosque,,,Plaza El Bosque,,Las Condes,CL,Ebro 2828,chile_santiago_hotel_osm_2026_05_12,osm_overpass,tourism,node/1120470875
Hotel Windsor,,+5624693100,Hotel Windsor,https://www.hotelwindsor.cl/,Santiago,CL,Victoria Subercaseaux 65,chile_santiago_hotel_osm_2026_05_12,osm_overpass,tourism,node/1130734017
Aconcagua Hostel,,+56229204587,Aconcagua Hostel,www.aconcaguahostel.cl,Providencia,CL,Román Díaz 41,chile_santiago_hotel_osm_2026_05_12,osm_overpass,tourism,node/1156948519
GEN Suite & Spa,,,GEN Suite & Spa,https://www.gensuite.cl/,Santiago,CL,,chile_santiago_hotel_osm_2026_05_12,osm_overpass,tourism,node/1214175716
Mela Blue,,,Mela Blue,,Santiago,CL,Villavicencio 395,chile_santiago_hotel_osm_2026_05_12,osm_overpass,tourism,node/1276936943
Chile Apart,,,Chile Apart,,Santiago,CL,Merced 562,chile_santiago_hotel_osm_2026_05_12,osm_overpass,tourism,node/1276936946
Windsor Palace Apartment Hotel,,,Windsor Palace Apartment Hotel,,Santiago,CL,Huérfanos 1400,chile_santiago_hotel_osm_2026_05_12,osm_overpass,tourism,node/1276982845
Bellas Artes Suites,,,Bellas Artes Suites,,Santiago,CL,,chile_santiago_hotel_osm_2026_05_12,osm_overpass,tourism,node/1276982855
San Marino,,,San Marino,,Santiago,CL,,chile_santiago_hotel_osm_2026_05_12,osm_overpass,tourism,node/1276982857
Casaltura,,,Casaltura,,Santiago,CL,San Antonio,chile_santiago_hotel_osm_2026_05_12,osm_overpass,tourism,node/1276982862
Mercure Hotel Santiago Centro,h8924-re@accor.com,+56 2 25956622,Mercure Hotel Santiago Centro,https://www.accorhotels.com/gb/hotel-8924-mercure-santiago-centro/index.shtml,Santiago,CL,Avenida Libertador Bernardo O'Higgins 632,chile_santiago_hotel_osm_2026_05_12,osm_overpass,tourism,node/1297908107
The Aubrey,reservas@theaubrey.com,+56 2 29402800,The Aubrey,https://www.theaubrey.com/,Santiago,CL,299,chile_santiago_hotel_osm_2026_05_12,osm_overpass,tourism,node/1299241104
Hostel Housing Horizonte,,,Hostel Housing Horizonte,,Santiago,CL,Maturana 557,chile_santiago_hotel_osm_2026_05_12,osm_overpass,tourism,node/1372276200
Hotel Libertador,contacto@hotellibertador.cl,,Hotel Libertador,https://www.hotellibertador.cl/,Santiago,CL,Avenida Libertador Bernardo O'Higgins 853,chile_santiago_hotel_osm_2026_05_12,osm_overpass,tourism,node/1395559943
Casona San Jose,,,Casona San Jose,,Santiago,CL,,chile_santiago_hotel_osm_2026_05_12,osm_overpass,tourism,node/1401460250
ABRACADABRA Bed&Breakfast,,,ABRACADABRA Bed&Breakfast,,Santiago,CL,Maturana 567,chile_santiago_hotel_osm_2026_05_12,osm_overpass,tourism,node/1724367108
Santiago Backpackers,reservas@santiagobackpackers.com,+56 2 26648451,Santiago Backpackers,https://www.santiagobackpackers.com/,Santiago,CL,Enrique Mac Iver 661,chile_santiago_hotel_osm_2026_05_12,osm_overpass,tourism,node/1748379180
Tourist Apt.,,,Tourist Apt.,,Santiago,CL,José Victorino Lastarria,chile_santiago_hotel_osm_2026_05_12,osm_overpass,tourism,node/1841288592
Hotel Lastarria Boutique,info@lastarriahotel.com,+56 2 28403700,Hotel Lastarria Boutique,https://www.lastarriahotel.com/,Santiago,CL,Santiago Bueras 188,chile_santiago_hotel_osm_2026_05_12,osm_overpass,tourism,node/1841288599
Poker,,,Poker,,Santiago,CL,,chile_santiago_hotel_osm_2026_05_12,osm_overpass,tourism,node/1841288600
Cerro Urbano Departamentos,,,Cerro Urbano Departamentos,,Santiago,CL,Merced 562,chile_santiago_hotel_osm_2026_05_12,osm_overpass,tourism,node/1841297385
Midas Siute Rental,,,Midas Siute Rental,,Santiago,CL,Merced 562,chile_santiago_hotel_osm_2026_05_12,osm_overpass,tourism,node/1841297386
Costa Bellas Artes,,,Costa Bellas Artes,,Santiago,CL,,chile_santiago_hotel_osm_2026_05_12,osm_overpass,tourism,node/1841297388
Hotel Ciudad de Vitoria,,,Hotel Ciudad de Vitoria,,Santiago,CL,,chile_santiago_hotel_osm_2026_05_12,osm_overpass,tourism,node/1841297389
Apart Hotel Boutique Bellas Artes,,,Apart Hotel Boutique Bellas Artes,,Santiago,CL,,chile_santiago_hotel_osm_2026_05_12,osm_overpass,tourism,node/1841297391
Santiago Suite Apartments,,,Santiago Suite Apartments,,Santiago,CL,Merced 562,chile_santiago_hotel_osm_2026_05_12,osm_overpass,tourism,node/1841297392
Plaza Suite,,,Plaza Suite,,Santiago,CL,Huérfanos 547,chile_santiago_hotel_osm_2026_05_12,osm_overpass,tourism,node/1841297393
Apart Hotel Torre Tagle,,,Apart Hotel Torre Tagle,,Santiago,CL,Huérfanos,chile_santiago_hotel_osm_2026_05_12,osm_overpass,tourism,node/1841300602
Hotel Altiplanico,,,Hotel Altiplanico,,Santiago,CL,Santo Domingo 526,chile_santiago_hotel_osm_2026_05_12,osm_overpass,tourism,node/1841310713
Hotel Oveja Negra,,,Hotel Oveja Negra,,Santiago,CL,,chile_santiago_hotel_osm_2026_05_12,osm_overpass,tourism,node/1841317945
Admiral,,,Admiral,,Santiago,CL,,chile_santiago_hotel_osm_2026_05_12,osm_overpass,tourism,node/1923693975
Hotel Victoria,,,Hotel Victoria,,Santiago,CL,,chile_santiago_hotel_osm_2026_05_12,osm_overpass,tourism,node/1946851552
Hotel Vegas,info@hotelvegas.net,+562 632 25 14,Hotel Vegas,https://www.hotelvegas.net/,Santiago,CL,Londres 49,chile_santiago_hotel_osm_2026_05_12,osm_overpass,tourism,node/1949641649
Hotel Vegas,reservas@hotelvegas.net,+562 632 25 14,Hotel Vegas,https://www.hotelvegas.net/,Santiago,CL,Londres 49,chile_santiago_hotel_osm_2026_05_12,osm_overpass,tourism,node/1949641649
Hostal Rio Amazonas,,,Hostal Rio Amazonas,,Santiago,CL,,chile_santiago_hotel_osm_2026_05_12,osm_overpass,tourism,node/1974429972
Hotel Riviera,,,Hotel Riviera,,Santiago,CL,,chile_santiago_hotel_osm_2026_05_12,osm_overpass,tourism,node/1983441597
Aji Hostel,recepcion@ajihostel.cl,+56222364401,Aji Hostel,https://www.ajihostel.cl,Providencia,CL,Triana 863,chile_santiago_hotel_osm_2026_05_12,osm_overpass,tourism,node/2037664115
Aji Hostel,user@domain.com,+56222364401,Aji Hostel,https://www.ajihostel.cl,Providencia,CL,Triana 863,chile_santiago_hotel_osm_2026_05_12,osm_overpass,tourism,node/2037664115
Hostel Atacama,,,Hostel Atacama,,Providencia,CL,Román Díaz,chile_santiago_hotel_osm_2026_05_12,osm_overpass,tourism,node/2037664116
Hotel Indiana,,,Hotel Indiana,,Santiago,CL,Rosas 1339,chile_santiago_hotel_osm_2026_05_12,osm_overpass,tourism,node/2186747066
Happy House Hostel,,,Happy House Hostel,,Santiago,CL,Moneda 1829,chile_santiago_hotel_osm_2026_05_12,osm_overpass,tourism,node/2327316002
Tempo Apart Hotel,,,Tempo Apart Hotel,,Santiago,CL,Santa Magdalena 116,chile_santiago_hotel_osm_2026_05_12,osm_overpass,tourism,node/2390530350
Carlton Apart Hotel,,,Carlton Apart Hotel,,Santiago,CL,,chile_santiago_hotel_osm_2026_05_12,osm_overpass,tourism,node/2412084304
Hostal Forestal,,+56 22 6381347,Hostal Forestal,http://www.hostalforestal.cl/,Santiago,CL,Coronel Bueras 122,chile_santiago_hotel_osm_2026_05_12,osm_overpass,tourism,node/2425960053
Hotel Principiado de Asturias,,,Hotel Principiado de Asturias,,Santiago,CL,,chile_santiago_hotel_osm_2026_05_12,osm_overpass,tourism,node/2425960054
Hostal El Raco,,,Hostal El Raco,,Santiago,CL,,chile_santiago_hotel_osm_2026_05_12,osm_overpass,tourism,node/2463425827
Continental,,,Continental,,Santiago,CL,Trinidad Ramírez 0220,chile_santiago_hotel_osm_2026_05_12,osm_overpass,tourism,node/2528365739
Gran Palace,,,Gran Palace,,Santiago,CL,Paseo Huérfanos 1178,chile_santiago_hotel_osm_2026_05_12,osm_overpass,tourism,node/2584336815
Hotel Cienfuegos,,,Hotel Cienfuegos,,Santiago,CL,,chile_santiago_hotel_osm_2026_05_12,osm_overpass,tourism,node/2612702102
Hostal Patio Europeo,,,Hostal Patio Europeo,http://www.patio-europeo.com/,Providencia,CL,Avenida Condell 847,chile_santiago_hotel_osm_2026_05_12,osm_overpass,tourism,node/2954762631
Residencial Universitaria,,,Residencial Universitaria,,Santiago,CL,,chile_santiago_hotel_osm_2026_05_12,osm_overpass,tourism,node/3051133720
Motel Echaurren 316,,,Motel Echaurren 316,,Santiago,CL,Echaurren 316,chile_santiago_hotel_osm_2026_05_12,osm_overpass,tourism,node/3051150263
Castillo Rojo,info@castillorojohotel.com,+56 223524500,Castillo Rojo,https://www.castillorojohotel.com/,Providencia,CL,Constitución 195,chile_santiago_hotel_osm_2026_05_12,osm_overpass,tourism,node/3107949816
Castillo Rojo,recepcion@castillorojohotel.com,+56 223524500,Castillo Rojo,https://www.castillorojohotel.com/,Providencia,CL,Constitución 195,chile_santiago_hotel_osm_2026_05_12,osm_overpass,tourism,node/3107949816
Hostel Plaza de Armas,,,Hostel Plaza de Armas,,Santiago,CL,,chile_santiago_hotel_osm_2026_05_12,osm_overpass,tourism,node/3181346878
Residencial Sol del Maule,,,Residencial Sol del Maule,,Santiago,CL,República,chile_santiago_hotel_osm_2026_05_12,osm_overpass,tourism,node/3312588678
ParisLondres,,,ParisLondres,,Santiago,CL,,chile_santiago_hotel_osm_2026_05_12,osm_overpass,tourism,node/3370808293
Hotel Paris,,,Hotel Paris,,Santiago,CL,París 813,chile_santiago_hotel_osm_2026_05_12,osm_overpass,tourism,node/3370832893
Oshostel,,,Oshostel,,Santiago,CL,Merced 305,chile_santiago_hotel_osm_2026_05_12,osm_overpass,tourism,node/3371046193
Verde Madera B&B,,+56942167935,Verde Madera B&B,http://www.verdemaderabb.cl/,Ñuñoa,CL,Pascual Baburizza 501,chile_santiago_hotel_osm_2026_05_12,osm_overpass,tourism,node/3400974462
Casa Sur Charming Hotel,,,Casa Sur Charming Hotel,,Santiago,CL,Eduardo Hyatt 527,chile_santiago_hotel_osm_2026_05_12,osm_overpass,tourism,node/3479404274
Hotel Moon,,,Hotel Moon,,Santiago,CL,,chile_santiago_hotel_osm_2026_05_12,osm_overpass,tourism,node/3575156994
Landay Hostel,,,Landay Hostel,,Santiago,CL,,chile_santiago_hotel_osm_2026_05_12,osm_overpass,tourism,node/3726922712
Hostel La Chimba,info@lachimba.com,28997140,Hostel La Chimba,,Santiago,CL,Ernesto Pinto Lagarrigue 262,chile_santiago_hotel_osm_2026_05_12,osm_overpass,tourism,node/3796319871
Kombi Hostel,,,Kombi Hostel,,Santiago,CL,,chile_santiago_hotel_osm_2026_05_12,osm_overpass,tourism,node/3818081484
Atajo,,,Atajo,,Santiago,CL,,chile_santiago_hotel_osm_2026_05_12,osm_overpass,tourism,node/3863283933
Selk Hostel,,,Selk Hostel,,Santiago,CL,General Bulnes 531,chile_santiago_hotel_osm_2026_05_12,osm_overpass,tourism,node/3951018558
CLH Suites,,,CLH Suites,,Santiago,CL,,chile_santiago_hotel_osm_2026_05_12,osm_overpass,tourism,node/4049295295
The Princesa Insolente,,,The Princesa Insolente,,Santiago,CL,,chile_santiago_hotel_osm_2026_05_12,osm_overpass,tourism,node/4108946389
Chile Lindo Hostel,info@chilelindohostel.cl,,Chile Lindo Hostel,,Santiago,CL,Moneda 2505,chile_santiago_hotel_osm_2026_05_12,osm_overpass,tourism,node/4150312897
Ventana Sur Hostel,info@ventanasurhostel.com,+56226344350,Ventana Sur Hostel,https://www.ventanasurhostel.com/,Santiago,CL,Claudio Arrau 340,chile_santiago_hotel_osm_2026_05_12,osm_overpass,tourism,node/4168009792
Quinchamalí Hostel,,+569869212233,Quinchamalí Hostel,https://www.quinchamalihostel.cl/,Santiago,CL,Quichamalí 3136,chile_santiago_hotel_osm_2026_05_12,osm_overpass,tourism,node/4190559874
Hotel Londres,,,Hotel Londres,,Santiago,CL,,chile_santiago_hotel_osm_2026_05_12,osm_overpass,tourism,node/4213118891
tia flaca,,,tia flaca,,Santiago,CL,,chile_santiago_hotel_osm_2026_05_12,osm_overpass,tourism,node/4224806690
hotel boutique tremo parque forestal,,,hotel boutique tremo parque forestal,,Santiago,CL,Ismael Valdés Vergara 740,chile_santiago_hotel_osm_2026_05_12,osm_overpass,tourism,node/4226770703
Ecohostel,,,Ecohostel,,Santiago,CL,,chile_santiago_hotel_osm_2026_05_12,osm_overpass,tourism,node/4228931525
Santa rosa 194,,,Santa rosa 194,,Santiago,CL,Eleuterio Ramírez 194,chile_santiago_hotel_osm_2026_05_12,osm_overpass,tourism,node/4239566496
Hostel Dominica,,,Hostel Dominica,,Santiago,CL,Dominica 24,chile_santiago_hotel_osm_2026_05_12,osm_overpass,tourism,node/4350165809
caronila's houae,,,caronila's houae,,Santiago,CL,,chile_santiago_hotel_osm_2026_05_12,osm_overpass,tourism,node/4366374896
Hotel Torremayor,,,Hotel Torremayor,,Santiago,CL,Avenida Ricardo Lyon,chile_santiago_hotel_osm_2026_05_12,osm_overpass,tourism,node/4437168329
Ecohostal,,,Ecohostal,,Santiago,CL,,chile_santiago_hotel_osm_2026_05_12,osm_overpass,tourism,node/4438464691
Gran Palace,,,Gran Palace,,Santiago,CL,Morandé,chile_santiago_hotel_osm_2026_05_12,osm_overpass,tourism,node/4447801811
Hotel Zeus,,,Hotel Zeus,,Santiago,CL,,chile_santiago_hotel_osm_2026_05_12,osm_overpass,tourism,node/4458100059
Renta Suite Menorca,,,Renta Suite Menorca,,Providencia,CL,Andrés de Fuenzalida 69,chile_santiago_hotel_osm_2026_05_12,osm_overpass,tourism,node/4471914996
Ladera,,,Ladera,,Santiago,CL,Los Araucanos 2021,chile_santiago_hotel_osm_2026_05_12,osm_overpass,tourism,node/4473800156
Hotel Boutique Casa D’agostino,email@email.com,,Hotel Boutique Casa D’agostino,https://www.casadagostino.com/home/,Providencia,CL,Avenida Pedro de Valdivia Norte 0653,chile_santiago_hotel_osm_2026_05_12,osm_overpass,tourism,node/4474307263
Hotel Boutique Casa D’agostino,ontacto@casadagostino.com,,Hotel Boutique Casa D’agostino,https://www.casadagostino.com/home/,Providencia,CL,Avenida Pedro de Valdivia Norte 0653,chile_santiago_hotel_osm_2026_05_12,osm_overpass,tourism,node/4474307263
Casa de Campo de Carabineros,clubcampo.lareina@carabineros.cl,,Casa de Campo de Carabineros,,La Reina,CL,Álvaro Casanova 311,chile_santiago_hotel_osm_2026_05_12,osm_overpass,tourism,node/4488337992
Casa Roble,,,Casa Roble,,Santiago,CL,,chile_santiago_hotel_osm_2026_05_12,osm_overpass,tourism,node/4524792393
"Asilo de ancianos ""Nuevo amanecer""",,,"Asilo de ancianos ""Nuevo amanecer""",,Santiago,CL,,chile_santiago_hotel_osm_2026_05_12,osm_overpass,tourism,node/4557987389
Corea Hostal,coreahostal@gmail.com,+56999736650,Corea Hostal,,Santiago,CL,Antonia López de Bello 169,chile_santiago_hotel_osm_2026_05_12,osm_overpass,tourism,node/4572303189
Arbolitos,,,Arbolitos,,Santiago,CL,,chile_santiago_hotel_osm_2026_05_12,osm_overpass,tourism,node/4572487555
Continental,,,Continental,,Santiago,CL,,chile_santiago_hotel_osm_2026_05_12,osm_overpass,tourism,node/4572487556
Internacional,,,Internacional,,Santiago,CL,,chile_santiago_hotel_osm_2026_05_12,osm_overpass,tourism,node/4572487557
Villa Alpina,,,Villa Alpina,,Santiago,CL,,chile_santiago_hotel_osm_2026_05_12,osm_overpass,tourism,node/4572487558
La Casa Roja,,+56226950600,La Casa Roja,,Santiago,CL,Agustinas 2113,chile_santiago_hotel_osm_2026_05_12,osm_overpass,tourism,node/4581873690
RQ Hotel Dacarlo,,,RQ Hotel Dacarlo,,Santiago,CL,,chile_santiago_hotel_osm_2026_05_12,osm_overpass,tourism,node/4621189035
Departamento de la Espita,,,Departamento de la Espita,,Santiago,CL,"Mapocho 1522, con San Martín",chile_santiago_hotel_osm_2026_05_12,osm_overpass,tourism,node/4643269390
Departamentos amoblados urbanos providencia,,+56229698913,Departamentos amoblados urbanos providencia,http://www.aparturbano.cl,Providencia,CL,Avenida Nueva Providencia 1372,chile_santiago_hotel_osm_2026_05_12,osm_overpass,tourism,node/4648872691
Knutsen Housing & Hostal,info@knutsen.cl,,Knutsen Housing & Hostal,http://knutsen.cl,Santiago,CL,Ricardo Matte Pérez 0156,chile_santiago_hotel_osm_2026_05_12,osm_overpass,tourism,node/4746067724
CLH Suites Santiago,,+56 2 2638 3568,CLH Suites Santiago,,Santiago,CL,San Antonio 60,chile_santiago_hotel_osm_2026_05_12,osm_overpass,tourism,node/4785891922
Irreal Hostal,,(2)26873666,Irreal Hostal,,Santiago,CL,Catedral 2225,chile_santiago_hotel_osm_2026_05_12,osm_overpass,tourism,node/4793208321
Bellas Artes Hostel,,+56227169432,Bellas Artes Hostel,,Santiago,CL,Antonia López de Bello,chile_santiago_hotel_osm_2026_05_12,osm_overpass,tourism,node/4808517621
Cupido,,,Cupido,,Santiago,CL,Avenida Eyzaguirre 27,chile_santiago_hotel_osm_2026_05_12,osm_overpass,tourism,node/4808517624
Hostel Casa Mosaico,,,Hostel Casa Mosaico,,Santiago,CL,Loreto 109,chile_santiago_hotel_osm_2026_05_12,osm_overpass,tourism,node/4808517821
Lastrarria Santiago Suítes Apartments,,,Lastrarria Santiago Suítes Apartments,,Santiago,CL,Calle Padre Luis de Valdivia 339,chile_santiago_hotel_osm_2026_05_12,osm_overpass,tourism,node/4844898222
Lastarria,,,Lastarria,,Santiago,CL,Pasaje Lastarria 70 104,chile_santiago_hotel_osm_2026_05_12,osm_overpass,tourism,node/4872124924
QENK,,,QENK,,Santiago,CL,,chile_santiago_hotel_osm_2026_05_12,osm_overpass,tourism,node/4872130821
Luciano K,,,Luciano K,,Santiago,CL,Merced 84,chile_santiago_hotel_osm_2026_05_12,osm_overpass,tourism,node/4919896014
Motel Sol & Luna,,,Motel Sol & Luna,,Santiago,CL,Grajales 2191,chile_santiago_hotel_osm_2026_05_12,osm_overpass,tourism,node/4984101665
Super Carnes,,,Super Carnes,,Santiago,CL,Marín 145,chile_santiago_hotel_osm_2026_05_12,osm_overpass,tourism,node/5007314522
apart arturo prat,,,apart arturo prat,,Santiago,CL,Arturo Prat 324,chile_santiago_hotel_osm_2026_05_12,osm_overpass,tourism,node/5067664021
Hotel Santa Lucia,,,Hotel Santa Lucia,,Santiago,CL,,chile_santiago_hotel_osm_2026_05_12,osm_overpass,tourism,node/5111094232
Casa Zañartu Hotel,,,Casa Zañartu Hotel,,Santiago,CL,,chile_santiago_hotel_osm_2026_05_12,osm_overpass,tourism,node/5111145924
Hotel España,,,Hotel España,,Santiago,CL,,chile_santiago_hotel_osm_2026_05_12,osm_overpass,tourism,node/5116163422
Walking Santiago Boutique Hostel,,,Walking Santiago Boutique Hostel,,Santiago,CL,Almirante Barroso 457,chile_santiago_hotel_osm_2026_05_12,osm_overpass,tourism,node/5118516922
Casona de Cajamarca,,,Casona de Cajamarca,,Santiago,CL,,chile_santiago_hotel_osm_2026_05_12,osm_overpass,tourism,node/5125476121
Casa Árbol,,0941790704,Casa Árbol,,Santiago,CL,Avenida Santos Dumont 551,chile_santiago_hotel_osm_2026_05_12,osm_overpass,tourism,node/5244558422
Panamericano,contacto@hotelpanamericano.cl,+541152173860,Panamericano,http://www.hotelpanamericano.cl,Santiago,CL,Teatinos 320,chile_santiago_hotel_osm_2026_05_12,osm_overpass,tourism,node/5247229969
Hostal Yungay,,,Hostal Yungay,https://www.hostalyungay.com/,Santiago,CL,Almirante Barroso 547,chile_santiago_hotel_osm_2026_05_12,osm_overpass,tourism,node/5265801846
Plaza Paris Amistar,,,Plaza Paris Amistar,https://www.amistar.cl/,Santiago,CL,Serrano 62,chile_santiago_hotel_osm_2026_05_12,osm_overpass,tourism,node/5328115016
Nosso ap,,,Nosso ap,,Santiago,CL,,chile_santiago_hotel_osm_2026_05_12,osm_overpass,tourism,node/5352740823
Don Santiago,,,Don Santiago,,Santiago,CL,,chile_santiago_hotel_osm_2026_05_12,osm_overpass,tourism,node/5390648524
Departamento Full,,,Departamento Full,https://www.airbnb.cl/rooms/21608263,Santiago,CL,Transit,chile_santiago_hotel_osm_2026_05_12,osm_overpass,tourism,node/5493457021
Apart Hotel,,,Apart Hotel,,Santiago,CL,,chile_santiago_hotel_osm_2026_05_12,osm_overpass,tourism,node/5531425923
Hotel NovaPark,,,Hotel NovaPark,,Santiago,CL,,chile_santiago_hotel_osm_2026_05_12,osm_overpass,tourism,node/5538614987
Bed and Breakfast Brothers,,,Bed and Breakfast Brothers,,Santiago,CL,Pasaje Lucrecia Valdes De Barros 391,chile_santiago_hotel_osm_2026_05_12,osm_overpass,tourism,node/5542015021
Santiago Furnished Apartments,info@santiagobackpackers.com,+56 2 26648451,Santiago Furnished Apartments,,Santiago,CL,,chile_santiago_hotel_osm_2026_05_12,osm_overpass,tourism,node/5620638500
Trizano,,,Trizano,,Santiago,CL,,chile_santiago_hotel_osm_2026_05_12,osm_overpass,tourism,node/5709594821
San Ignacio Suite Departamentos Amoblados,,,San Ignacio Suite Departamentos Amoblados,,Santiago,CL,,chile_santiago_hotel_osm_2026_05_12,osm_overpass,tourism,node/5752066122
Los Cuernos Del Toro,,,Los Cuernos Del Toro,,San José De Maipo,CL,Avenida Vista Hermosa 471,chile_santiago_hotel_osm_2026_05_12,osm_overpass,tourism,node/5766065012
Sahara Inn,,,Sahara Inn,,Santiago,CL,Corte Suprema 168,chile_santiago_hotel_osm_2026_05_12,osm_overpass,tourism,node/5904037514
Apartamento calle Ebro,,,Apartamento calle Ebro,,Las Condes,CL,Ebro 2799,chile_santiago_hotel_osm_2026_05_12,osm_overpass,tourism,node/5939235287
La Calma De Rita,,,La Calma De Rita,,Santiago,CL,Camino a Santa Rita 2672,chile_santiago_hotel_osm_2026_05_12,osm_overpass,tourism,node/6041555933
Alojamiento Domeyko Ceer,,,Alojamiento Domeyko Ceer,,Santiago,CL,Domeyko 1755,chile_santiago_hotel_osm_2026_05_12,osm_overpass,tourism,node/6103024065
Mestizio Hostal,,,Mestizio Hostal,,Santiago,CL,,chile_santiago_hotel_osm_2026_05_12,osm_overpass,tourism,node/6109694867
SyC Apartments Carmen,sycapartments@gmail.com,+56998352555,SyC Apartments Carmen,https://www.booking.com/Pulse-pjSdMb,Santiago,CL,Carmen 237,chile_santiago_hotel_osm_2026_05_12,osm_overpass,tourism,node/6235794586
SyC Apartments Ilusión,sycapartments@gmail.com,+56998352555,SyC Apartments Ilusión,https://www.booking.com/Pulse-M0vxsc,Santiago,CL,San Isidro 96,chile_santiago_hotel_osm_2026_05_12,osm_overpass,tourism,node/6235795387
SyC Apartments Marin,sycapartments@gmail.com,+56998352555,SyC Apartments Marin,https://www.booking.com/Pulse-iJGa1hU,Santiago,CL,Marín 440,chile_santiago_hotel_osm_2026_05_12,osm_overpass,tourism,node/6235795586
Hotel Barrio Yungay,,,Hotel Barrio Yungay,,Santiago,CL,Santo Domingo 3080,chile_santiago_hotel_osm_2026_05_12,osm_overpass,tourism,node/6236001386
Cerro La Parva Ed. A,,,Cerro La Parva Ed. A,,Santiago,CL,Cerro La Parva,chile_santiago_hotel_osm_2026_05_12,osm_overpass,tourism,node/6244666185
Hotel Pettra Santiago,centralreservas@hotelespettra.com,+56229374100,Hotel Pettra Santiago,https://www.hotelespettra.com,Lo Barnechea,CL,Comandante Malbec 12851,chile_santiago_hotel_osm_2026_05_12,osm_overpass,tourism,node/6320993145
RQ Santiago,,+56 22 795 3000,RQ Santiago,https://www.rq.cl/santiago/,Santiago,CL,Avenida Libertador Bernardo O'Higgins,chile_santiago_hotel_osm_2026_05_12,osm_overpass,tourism,node/6578970879
Manquehue Aeropuerto,,,Manquehue Aeropuerto,,Santiago,CL,Boulevard Aeropuerto 9648,chile_santiago_hotel_osm_2026_05_12,osm_overpass,tourism,node/6661763678
Da Carlo,,,Da Carlo,,Santiago,CL,,chile_santiago_hotel_osm_2026_05_12,osm_overpass,tourism,node/6682243211
Andes Suite,,,Andes Suite,,Santiago,CL,,chile_santiago_hotel_osm_2026_05_12,osm_overpass,tourism,node/6696065485
Hotel Plaza Ñuñoa,,,Hotel Plaza Ñuñoa,,Ñuñoa,CL,Avenida Irarrázaval,chile_santiago_hotel_osm_2026_05_12,osm_overpass,tourism,node/6754016687
La Quinta by Wyndham Santiago Aeropuerto,,,La Quinta by Wyndham Santiago Aeropuerto,,Santiago,CL,,chile_santiago_hotel_osm_2026_05_12,osm_overpass,tourism,node/6776162110
Italia Suite B&B Hotel,,,Italia Suite B&B Hotel,,Santiago,CL,,chile_santiago_hotel_osm_2026_05_12,osm_overpass,tourism,node/7080411492
Santiago Village Hostel,,,Santiago Village Hostel,,Santiago,CL,,chile_santiago_hotel_osm_2026_05_12,osm_overpass,tourism,node/7261521685
"Gatos de Campo, Tiernos y Traviesos",mcastanon@maximi89.cl,+56998913632,"Gatos de Campo, Tiernos y Traviesos",,Santiago,CL,Francisco Pizarro 1717,chile_santiago_hotel_osm_2026_05_12,osm_overpass,tourism,node/8248463356
Xinergia,,,Xinergia,,Santiago,CL,,chile_santiago_hotel_osm_2026_05_12,osm_overpass,tourism,node/8486962417
Casa,,,Casa,,Santiago,CL,El Porvenir de Maipú 2902,chile_santiago_hotel_osm_2026_05_12,osm_overpass,tourism,node/8807483017
Blu,gerencia@hotelblu.cl,+56 34 231 7644,Blu,https://hotelblu.cl/,Santiago,CL,Manuel de Amat 2780,chile_santiago_hotel_osm_2026_05_12,osm_overpass,tourism,node/9519462090
Blu,reservas@hotelblu.cl,+56 34 231 7644,Blu,https://hotelblu.cl/,Santiago,CL,Manuel de Amat 2780,chile_santiago_hotel_osm_2026_05_12,osm_overpass,tourism,node/9519462090
Latam Lounge Santiago,,,Latam Lounge Santiago,https://www.latamairlines.com/cl/es/experiencia/aeropuerto/lounges-y-salones/latam-lounges/santiago,Pudahuel,CL,,chile_santiago_hotel_osm_2026_05_12,osm_overpass,tourism,node/9859607706
Nucleo Mayor Apart Hotel,,,Nucleo Mayor Apart Hotel,https://nucleomayor.cl/,Lo Barnechea,CL,Avenida Los Trapenses 2140,chile_santiago_hotel_osm_2026_05_12,osm_overpass,tourism,node/10062384677
Hotel Guayasuik,,,Hotel Guayasuik,,Santiago,CL,Guayaquil,chile_santiago_hotel_osm_2026_05_12,osm_overpass,tourism,node/10207622617
Hotel Boutique Tremo,,,Hotel Boutique Tremo,,Santiago,CL,Alberto Reyes 032,chile_santiago_hotel_osm_2026_05_12,osm_overpass,tourism,node/10221359317
Matildas Hotel Boutique,reservas@matildashotel.com,+56 9 6320 3628,Matildas Hotel Boutique,https://www.matildashotel.com/,Santiago,CL,Agustinas 2149,chile_santiago_hotel_osm_2026_05_12,osm_overpass,tourism,node/10814470832
NH Collection Santiago,,2224962000,NH Collection Santiago,,Vitacura,CL,Avenida Nueva Costanera 3900,chile_santiago_hotel_osm_2026_05_12,osm_overpass,tourism,node/10823491972
Casita Hostel,,,Casita Hostel,,Santiago,CL,,chile_santiago_hotel_osm_2026_05_12,osm_overpass,tourism,node/10856680436
Viva Chile Santiago Centro,,,Viva Chile Santiago Centro,,Santiago,CL,Amunátegui 651,chile_santiago_hotel_osm_2026_05_12,osm_overpass,tourism,node/10860826305
AC Hotel by Marriott,,,AC Hotel by Marriott,,Providencia,CL,Avenida Vitacura 130,chile_santiago_hotel_osm_2026_05_12,osm_overpass,tourism,node/10988886607
Hotel Sommelier,,,Hotel Sommelier,,Santiago,CL,Agustinas 694,chile_santiago_hotel_osm_2026_05_12,osm_overpass,tourism,node/11180758137
Pariwana hostal,info@pariwanahostel.com,,Pariwana hostal,http://www.Pariwana.com,Santiago,CL,,chile_santiago_hotel_osm_2026_05_12,osm_overpass,tourism,node/11309715669
Pariwana hostal,cusco@pariwanahostel.com,,Pariwana hostal,http://www.Pariwana.com,Santiago,CL,,chile_santiago_hotel_osm_2026_05_12,osm_overpass,tourism,node/11309715669
Pariwana hostal,lima@pariwanahostel.com,,Pariwana hostal,http://www.Pariwana.com,Santiago,CL,,chile_santiago_hotel_osm_2026_05_12,osm_overpass,tourism,node/11309715669
Pariwana hostal,,,Pariwana hostal,,Santiago,CL,,chile_santiago_hotel_osm_2026_05_12,osm_overpass,tourism,node/11310624869
Primeclass Pacífico Metrópolis,contacto@primeclass.cl,,Primeclass Pacífico Metrópolis,https://primeclass.cl/es/salon-metropolis/,Pudahuel,CL,,chile_santiago_hotel_osm_2026_05_12,osm_overpass,tourism,node/11504398171
Hotel Boutique Sommelier,,,Hotel Boutique Sommelier,,Santiago,CL,,chile_santiago_hotel_osm_2026_05_12,osm_overpass,tourism,node/11576336050
Casa Arrayán Hotel Boutique,,+56 9 9645 4465,Casa Arrayán Hotel Boutique,https://www.casaarrayan.cl/,Santiago,CL,,chile_santiago_hotel_osm_2026_05_12,osm_overpass,tourism,node/11882474009
Bellavista Home,,,Bellavista Home,,Santiago,CL,,chile_santiago_hotel_osm_2026_05_12,osm_overpass,tourism,node/12212136807
Hotel Solace Santiago,reservescl@solacehotel.cl,+56222708000,Hotel Solace Santiago,https://www.solacehotel.cl/,Santiago,CL,,chile_santiago_hotel_osm_2026_05_12,osm_overpass,tourism,node/12312607090
Hotel Nippon,,,Hotel Nippon,,Santiago,CL,,chile_santiago_hotel_osm_2026_05_12,osm_overpass,tourism,node/12388263381
Hospedaje Republica cerca del Aeropuerto,,,Hospedaje Republica cerca del Aeropuerto,,Santiago,CL,,chile_santiago_hotel_osm_2026_05_12,osm_overpass,tourism,node/12401235401
Origenes hostel,,,Origenes hostel,,Santiago,CL,,chile_santiago_hotel_osm_2026_05_12,osm_overpass,tourism,node/12409435901
Alessandria Apart - El Bosque Norte,,+56222332082,Alessandria Apart - El Bosque Norte,,Santiago,CL,Avenida El Bosque Norte 33,chile_santiago_hotel_osm_2026_05_12,osm_overpass,tourism,node/12724238790
Hotel Asia Pacifico,hotel@asiapacifico.cl,,Hotel Asia Pacifico,https://asiapacifico.cl/,Santiago,CL,Maipú 17,chile_santiago_hotel_osm_2026_05_12,osm_overpass,tourism,node/12818390301
Residencial Metro Republica,,,Residencial Metro Republica,,Santiago,CL,Virginia Opazo 33,chile_santiago_hotel_osm_2026_05_12,osm_overpass,tourism,node/12896747676
Capital Hotel Bellet,,,Capital Hotel Bellet,,Providencia,CL,Antonio Bellet 135,chile_santiago_hotel_osm_2026_05_12,osm_overpass,tourism,node/13069885222
VIP Apartments Chile,contacto@palaciopereira.cl,+56976021046,VIP Apartments Chile,https://www.vipapartments.cl/,Santiago,CL,Huérfanos 1400,chile_santiago_hotel_osm_2026_05_12,osm_overpass,tourism,node/13165887540
VIP Apartments Chile,contacto@vipapartments.cl,+56976021046,VIP Apartments Chile,https://www.vipapartments.cl/,Santiago,CL,Huérfanos 1400,chile_santiago_hotel_osm_2026_05_12,osm_overpass,tourism,node/13165887540
VIP Apartments Chile,contacto@museodelamemoria.cl,+56976021046,VIP Apartments Chile,https://www.vipapartments.cl/,Santiago,CL,Huérfanos 1400,chile_santiago_hotel_osm_2026_05_12,osm_overpass,tourism,node/13165887540
VIP Apartments Chile,contacto@parquemet.cl,+56976021046,VIP Apartments Chile,https://www.vipapartments.cl/,Santiago,CL,Huérfanos 1400,chile_santiago_hotel_osm_2026_05_12,osm_overpass,tourism,node/13165887540
VIP Apartments Chile,hola@barrioitalia.cl,+56976021046,VIP Apartments Chile,https://www.vipapartments.cl/,Santiago,CL,Huérfanos 1400,chile_santiago_hotel_osm_2026_05_12,osm_overpass,tourism,node/13165887540
Hostal Brisa Serena Aeropuerto,,,Hostal Brisa Serena Aeropuerto,,Santiago,CL,Avenida Serrano 565,chile_santiago_hotel_osm_2026_05_12,osm_overpass,tourism,node/13289958825
Hostel Merced 88,,,Hostel Merced 88,,Santiago,CL,Merced 88,chile_santiago_hotel_osm_2026_05_12,osm_overpass,tourism,node/13390616869
Loft Hotel by Sommelier Hoteles,,+56986935451,Loft Hotel by Sommelier Hoteles,,Santiago,CL,Miraflores 264,chile_santiago_hotel_osm_2026_05_12,osm_overpass,tourism,node/13556427301
Casa Mondrian,,,Casa Mondrian,,Santiago,CL,Alberto Decombe 1245,chile_santiago_hotel_osm_2026_05_12,osm_overpass,tourism,node/13649957201
The Ritz-Carlton,,,The Ritz-Carlton,https://www.ritzcarlton.com/en/hotels/sclrz-the-ritz-carlton-santiago/,Las Condes,CL,El Alcalde 15,chile_santiago_hotel_osm_2026_05_12,osm_overpass,tourism,way/25107520
Hotel Director,reservas@director.cl,,Hotel Director,https://www.director.cl/,Las Condes,CL,Carmencita 45,chile_santiago_hotel_osm_2026_05_12,osm_overpass,tourism,way/40524258
Hotel Director,email@servidor.cl,,Hotel Director,https://www.director.cl/,Las Condes,CL,Carmencita 45,chile_santiago_hotel_osm_2026_05_12,osm_overpass,tourism,way/40524258
Novotel,,,Novotel,,Santiago,CL,Avenida Alonso de Córdova 5199,chile_santiago_hotel_osm_2026_05_12,osm_overpass,tourism,way/44638617
Hotel Los Nogales,,,Hotel Los Nogales,,Providencia,CL,Los Nogales 741,chile_santiago_hotel_osm_2026_05_12,osm_overpass,tourism,way/48270255
W Hotels,,+5627700000,W Hotels,,Las Condes,CL,Isidora Goyenechea 3000,chile_santiago_hotel_osm_2026_05_12,osm_overpass,tourism,way/56177875
Santiago Park Plaza,,,Santiago Park Plaza,,Providencia,CL,Avenida Ricardo Lyon 207,chile_santiago_hotel_osm_2026_05_12,osm_overpass,tourism,way/64877555
Hotel Torre Mayor,,,Hotel Torre Mayor,,Providencia,CL,Avenida Ricardo Lyon 322,chile_santiago_hotel_osm_2026_05_12,osm_overpass,tourism,way/64877610
Radisson,,,Radisson,,Huechuraba,CL,Avenida Santa Clara 354,chile_santiago_hotel_osm_2026_05_12,osm_overpass,tourism,way/64880629
El Bosque Suites,,,El Bosque Suites,,Las Condes,CL,Avenida Vitacura 2760,chile_santiago_hotel_osm_2026_05_12,osm_overpass,tourism,way/85033582
Hotel Atton El Bosque,,,Hotel Atton El Bosque,,Las Condes,CL,Roger de Flor 2770,chile_santiago_hotel_osm_2026_05_12,osm_overpass,tourism,way/96757618
InterContinental Santiago,,,InterContinental Santiago,,Las Condes,CL,Avenida Vitacura 2885,chile_santiago_hotel_osm_2026_05_12,osm_overpass,tourism,way/96762568
Holiday Inn Express - Santiago El Golf,,,Holiday Inn Express - Santiago El Golf,,Las Condes,CL,Avenida Vitacura 2929,chile_santiago_hotel_osm_2026_05_12,osm_overpass,tourism,way/96762581
Holiday Inn Aeropuerto Santiago,reservas@talbothotels.com,(56) 2 279 99900,Holiday Inn Aeropuerto Santiago,https://www.holidayinn.cl/hotel-aeropuerto-santiago/,Pudahuel,CL,Armando Cortinez Norte 2150,chile_santiago_hotel_osm_2026_05_12,osm_overpass,tourism,way/110280669
Ibis Alameda,,,Ibis Alameda,,Estación Central,CL,Avenida Libertador Bernardo O'Higgins 3780,chile_santiago_hotel_osm_2026_05_12,osm_overpass,tourism,way/160290320
Hotel & Apart,,,Hotel & Apart,,Santiago,CL,Avenida Libertador Bernardo O'Higgins 2670,chile_santiago_hotel_osm_2026_05_12,osm_overpass,tourism,way/164081994
Hostal Thayer,,,Hostal Thayer,,Providencia,CL,Luis Thayer Ojeda 746,chile_santiago_hotel_osm_2026_05_12,osm_overpass,tourism,way/187070106
Noi Vitacura,,,Noi Vitacura,,Vitacura,CL,Avenida Nueva Costanera 3736,chile_santiago_hotel_osm_2026_05_12,osm_overpass,tourism,way/187863202
Casa Mosaico Backpacker Hostel,,,Casa Mosaico Backpacker Hostel,,Santiago,CL,Loreto 109,chile_santiago_hotel_osm_2026_05_12,osm_overpass,tourism,way/200123938
Hostel Cien Fuegos,,,Hostel Cien Fuegos,https://www.hostelcienfuegos.cl/,Santiago,CL,Cienfuegos 151,chile_santiago_hotel_osm_2026_05_12,osm_overpass,tourism,way/200124578
Guanako,,,Guanako,,Providencia,CL,Pío Nono 5,chile_santiago_hotel_osm_2026_05_12,osm_overpass,tourism,way/203496685
Versailles Suites,,,Versailles Suites,,Las Condes,CL,Callao 2947,chile_santiago_hotel_osm_2026_05_12,osm_overpass,tourism,way/216695170
Ibis Providencia,,,Ibis Providencia,,Providencia,CL,Avenida Providencia 1187,chile_santiago_hotel_osm_2026_05_12,osm_overpass,tourism,way/220781503
Radisson Blu Plaza El Bosque,reservas@plazaelbosque.cl,+56 2 24981800,Radisson Blu Plaza El Bosque,http://www.plazaelbosque.cl/nuevalascondes/index.php,Las Condes,CL,Avenida Manquehue 656,chile_santiago_hotel_osm_2026_05_12,osm_overpass,tourism,way/225365777
Hotel Las Hortensias,,,Hotel Las Hortensias,,Providencia,CL,Las Hortensias,chile_santiago_hotel_osm_2026_05_12,osm_overpass,tourism,way/226725451
Hotel Nogales Express,,,Hotel Nogales Express,,Providencia,CL,Carmen Sylva 2341,chile_santiago_hotel_osm_2026_05_12,osm_overpass,tourism,way/226726747
Hotel El Vergel,,,Hotel El Vergel,,Providencia,CL,El Vergel 2223,chile_santiago_hotel_osm_2026_05_12,osm_overpass,tourism,way/226727528
Loreto Hotel,,+56 2 7771060,Loreto Hotel,http://www.loretohotel.com,Santiago,CL,Loreto 179,chile_santiago_hotel_osm_2026_05_12,osm_overpass,tourism,way/226996789
Eurotel El Bosque,,,Eurotel El Bosque,,Las Condes,CL,Avenida El Bosque Norte 0124,chile_santiago_hotel_osm_2026_05_12,osm_overpass,tourism,way/231445848
Pullman Santiago Vitacura,pullman.vitacura@accor.com,+56229447800,Pullman Santiago Vitacura,,Vitacura,CL,Avenida Vitacura 3201,chile_santiago_hotel_osm_2026_05_12,osm_overpass,tourism,way/235643668
Novotel,,,Novotel,,Vitacura,CL,Avenida Américo Vespucio Norte 1630,chile_santiago_hotel_osm_2026_05_12,osm_overpass,tourism,way/238346762
Hotel Militar,,,Hotel Militar,,Providencia,CL,Avenida Providencia 1219,chile_santiago_hotel_osm_2026_05_12,osm_overpass,tourism,way/251057740
Hotel Rugendas,,,Hotel Rugendas,,Las Condes,CL,Callao 3123,chile_santiago_hotel_osm_2026_05_12,osm_overpass,tourism,way/257696075
Hotel Director,,,Hotel Director,,Vitacura,CL,Avenida Vitacura 3600,chile_santiago_hotel_osm_2026_05_12,osm_overpass,tourism,way/262388666
Hotel Lyon,,,Hotel Lyon,,Providencia,CL,Avenida Ricardo Lyon 1525,chile_santiago_hotel_osm_2026_05_12,osm_overpass,tourism,way/264753859
Hotel Bonaparte,,,Hotel Bonaparte,http://www.bonaparte.cl/en/,Providencia,CL,Mar del Plata 2171,chile_santiago_hotel_osm_2026_05_12,osm_overpass,tourism,way/264762584
Hyatt Place Santiago/Vitacura,,,Hyatt Place Santiago/Vitacura,,Vitacura,CL,Avenida Américo Vespucio Norte 1597,chile_santiago_hotel_osm_2026_05_12,osm_overpass,tourism,way/276741931
Hotel Río Bidasoa,reservas@hotelbidasoa.cl,,Hotel Río Bidasoa,https://www.hotelbidasoa.cl/,Vitacura,CL,Avenida Vitacura 4873,chile_santiago_hotel_osm_2026_05_12,osm_overpass,tourism,way/276752597
DoubleTree,,,DoubleTree,,Las Condes,CL,Avenida Vitacura 2727,chile_santiago_hotel_osm_2026_05_12,osm_overpass,tourism,way/278419486
Hotel Reyall HB,,,Hotel Reyall HB,,Providencia,CL,Ezequías Alliende 2444,chile_santiago_hotel_osm_2026_05_12,osm_overpass,tourism,way/279564413
Oporto Hotel Boutique,,,Oporto Hotel Boutique,,Providencia,CL,Carlos Antúnez 2471,chile_santiago_hotel_osm_2026_05_12,osm_overpass,tourism,way/279573056
Hotel Presidente Suites,,,Hotel Presidente Suites,,Providencia,CL,Luis Thayer Ojeda 383,chile_santiago_hotel_osm_2026_05_12,osm_overpass,tourism,way/280951895
Apart Hotel Presidente,,,Apart Hotel Presidente,,Santiago,CL,Luis Thayer Ojeda 558,chile_santiago_hotel_osm_2026_05_12,osm_overpass,tourism,way/280958716
Hostal Don Alfredo,,,Hostal Don Alfredo,,Providencia,CL,Alberto Henckel 2360,chile_santiago_hotel_osm_2026_05_12,osm_overpass,tourism,way/281594192
Hotel Las Hortensias,,,Hotel Las Hortensias,,Providencia,CL,Las Hortensias 2308,chile_santiago_hotel_osm_2026_05_12,osm_overpass,tourism,way/281827147
Heidelberg Haus,reservas@heidelberghaus.cl,,Heidelberg Haus,http://www.heidelberghaus.cl,Providencia,CL,Los Nogales 843,chile_santiago_hotel_osm_2026_05_12,osm_overpass,tourism,way/281827175
Intiwasi Hotel,,,Intiwasi Hotel,https://intiwasihotel.com/,Providencia,CL,Josue Smith Solar 380,chile_santiago_hotel_osm_2026_05_12,osm_overpass,tourism,way/282056369
Hotel NH Ciudad De Santiago,,,Hotel NH Ciudad De Santiago,,Santiago,CL,Condell 40,chile_santiago_hotel_osm_2026_05_12,osm_overpass,tourism,way/282281321
Hotel Kennedy,,+56 2 229 08 100,Hotel Kennedy,https://www.hotelkennedychile.com/,Vitacura,CL,Avenida Presidente Kennedy 4570,chile_santiago_hotel_osm_2026_05_12,osm_overpass,tourism,way/285965290
Renaissance Santiago Hotel,,+56 2 26788888,Renaissance Santiago Hotel,https://www.marriott.com/hotels/travel/sclbr-renaissance-santiago-hotel/,Vitacura,CL,Avenida Presidente Kennedy 4700,chile_santiago_hotel_osm_2026_05_12,osm_overpass,tourism,way/285975433
Santiago Marriott,,+56 2 24262000,Santiago Marriott,https://www.marriott.com/hotels/travel/scldt-santiago-marriott-hotel/,Las Condes,CL,Avenida Presidente Kennedy 5741,chile_santiago_hotel_osm_2026_05_12,osm_overpass,tourism,way/288224301
Hilton Garden Inn,,+56 2 29641100,Hilton Garden Inn,https://hiltongardeninn3.hilton.com/en/hotels/chile/hilton-garden-inn-santiago-airport-SCLGIGI/index.html,Pudahuel,CL,Avenida Américo Vespucio 1292,chile_santiago_hotel_osm_2026_05_12,osm_overpass,tourism,way/289165058
Diego de Almagro Aeropuerto,recepcion-anf1@dahoteles.com,+56 2 22305600,Diego de Almagro Aeropuerto,https://www.dahoteles.com/,Pudahuel,CL,Avenida Américo Vespucio 1299,chile_santiago_hotel_osm_2026_05_12,osm_overpass,tourism,way/289165060
Diego de Almagro Aeropuerto,recepcion-anf2@dahoteles.com,+56 2 22305600,Diego de Almagro Aeropuerto,https://www.dahoteles.com/,Pudahuel,CL,Avenida Américo Vespucio 1299,chile_santiago_hotel_osm_2026_05_12,osm_overpass,tourism,way/289165060
Diego de Almagro Aeropuerto,recepcion-altoelloa@dahoteles.com,+56 2 22305600,Diego de Almagro Aeropuerto,https://www.dahoteles.com/,Pudahuel,CL,Avenida Américo Vespucio 1299,chile_santiago_hotel_osm_2026_05_12,osm_overpass,tourism,way/289165060
Diego de Almagro Aeropuerto,centraldereservas@dahoteles.com,+56 2 22305600,Diego de Almagro Aeropuerto,https://www.dahoteles.com/,Pudahuel,CL,Avenida Américo Vespucio 1299,chile_santiago_hotel_osm_2026_05_12,osm_overpass,tourism,way/289165060
Diego de Almagro Aeropuerto,recepcion-aeropuerto@dahoteles.com,+56 2 22305600,Diego de Almagro Aeropuerto,https://www.dahoteles.com/,Pudahuel,CL,Avenida Américo Vespucio 1299,chile_santiago_hotel_osm_2026_05_12,osm_overpass,tourism,way/289165060
Stanford Hotel,reservas@hotelstanford.cl,+56229518000,Stanford Hotel,https://www.hotelstanford.cl/,Providencia,CL,Coronel 2380,chile_santiago_hotel_osm_2026_05_12,osm_overpass,tourism,way/292670152
Hostal Casa Condell,,,Hostal Casa Condell,,Santiago,CL,Condell 114,chile_santiago_hotel_osm_2026_05_12,osm_overpass,tourism,way/296946999
Mr. Hotel,web@mrhoteles.cl,,Mr. Hotel,https://www.mrhotel.cl/,Santiago,CL,Avenida Pedro de Valdivia 150,chile_santiago_hotel_osm_2026_05_12,osm_overpass,tourism,way/297288250
Hotel Almasur,,,Hotel Almasur,,Providencia,CL,Avenida Pedro de Valdivia 450,chile_santiago_hotel_osm_2026_05_12,osm_overpass,tourism,way/298659705
Ibis Manquehue,,,Ibis Manquehue,,Las Condes,CL,O'Connell 165,chile_santiago_hotel_osm_2026_05_12,osm_overpass,tourism,way/302439032
Hotel Diego de Almagro,,,Hotel Diego de Almagro,,Providencia,CL,San Pío X 2530,chile_santiago_hotel_osm_2026_05_12,osm_overpass,tourism,way/377924860
Casa del Maestro,recepciocm@colegiodeprofesores.cl,+562 26996981 / +562 26959066,Casa del Maestro,,Santiago,CL,Catedral 2395,chile_santiago_hotel_osm_2026_05_12,osm_overpass,tourism,way/378480020
Aerotel,,,Aerotel,,Santiago,CL,,chile_santiago_hotel_osm_2026_05_12,osm_overpass,tourism,way/378582849
Hotel Regal Pacific,,,Hotel Regal Pacific,,Las Condes,CL,Avenida Apoquindo 5680,chile_santiago_hotel_osm_2026_05_12,osm_overpass,tourism,way/422030591
Nativa,,,Nativa,,Santiago,CL,Bombero Núñez,chile_santiago_hotel_osm_2026_05_12,osm_overpass,tourism,way/444920884
Casa Bellavista,,,Casa Bellavista,,Santiago,CL,Antonia López de Bello 374,chile_santiago_hotel_osm_2026_05_12,osm_overpass,tourism,way/444924418
Hotel Mansion,,,Hotel Mansion,,Recoleta,CL,Avenida Recoleta 1241,chile_santiago_hotel_osm_2026_05_12,osm_overpass,tourism,way/444939165
Hotel Parlamento,,,Hotel Parlamento,,Santiago,CL,Avenida Santa María 281,chile_santiago_hotel_osm_2026_05_12,osm_overpass,tourism,way/444945346
Hotel Ralief,,,Hotel Ralief,,Santiago,CL,,chile_santiago_hotel_osm_2026_05_12,osm_overpass,tourism,way/444950630
Hotel Alameda,,,Hotel Alameda,,Santiago,CL,,chile_santiago_hotel_osm_2026_05_12,osm_overpass,tourism,way/444953869
Casaltura,,,Casaltura,,Santiago,CL,Ismael Valdés Vergara,chile_santiago_hotel_osm_2026_05_12,osm_overpass,tourism,way/444961162
Hotel Imperio,,,Hotel Imperio,,Santiago,CL,,chile_santiago_hotel_osm_2026_05_12,osm_overpass,tourism,way/445113571
Hostal,,,Hostal,,Providencia,CL,Avenida Francisco Bilbao,chile_santiago_hotel_osm_2026_05_12,osm_overpass,tourism,way/445483300
Diego de Velásquez,,,Diego de Velásquez,,Santiago,CL,Diego de Velázquez,chile_santiago_hotel_osm_2026_05_12,osm_overpass,tourism,way/445852300
Cozumel,,,Cozumel,,Santiago,CL,Avenida Vicuña Mackenna 4471,chile_santiago_hotel_osm_2026_05_12,osm_overpass,tourism,way/446326528
Motel Azzo,,,Motel Azzo,,Santiago,CL,,chile_santiago_hotel_osm_2026_05_12,osm_overpass,tourism,way/446361850
Diagonal,,,Diagonal,,Santiago,CL,Avenida Diagonal Cardenal José María Caro 2875,chile_santiago_hotel_osm_2026_05_12,osm_overpass,tourism,way/446415923
Kan Kun,,,Kan Kun,,Santiago,CL,Avenida México,chile_santiago_hotel_osm_2026_05_12,osm_overpass,tourism,way/446595257
Hotel Mary Louis,,,Hotel Mary Louis,,Santiago,CL,,chile_santiago_hotel_osm_2026_05_12,osm_overpass,tourism,way/447090523
Motel El Buda,,,Motel El Buda,,Santiago,CL,Avenida Perú,chile_santiago_hotel_osm_2026_05_12,osm_overpass,tourism,way/447101687
Hotel Plaza,,,Hotel Plaza,,Santiago,CL,San Luis,chile_santiago_hotel_osm_2026_05_12,osm_overpass,tourism,way/447539257
Hotel Cumbres Vitacura,,+56224145000,Hotel Cumbres Vitacura,https://www.cumbresvitacura.com/,Vitacura,CL,Avenida Presidente Kennedy 4422,chile_santiago_hotel_osm_2026_05_12,osm_overpass,tourism,way/447709164
Hotel Orly,,,Hotel Orly,,Providencia,CL,Avenida Pedro de Valdivia 027,chile_santiago_hotel_osm_2026_05_12,osm_overpass,tourism,way/447709176
Hotel Lafayette,,,Hotel Lafayette,,Providencia,CL,Avenida Providencia,chile_santiago_hotel_osm_2026_05_12,osm_overpass,tourism,way/447714110
Hotel Tokio,,,Hotel Tokio,,Santiago,CL,Almirante Barroso 160,chile_santiago_hotel_osm_2026_05_12,osm_overpass,tourism,way/447767942
Bambu Motel,,,Bambu Motel,,Santiago,CL,Santo Domingo,chile_santiago_hotel_osm_2026_05_12,osm_overpass,tourism,way/447775512
Four Points By Sheraton,,,Four Points By Sheraton,https://www.marriott.com/en-us/hotels/sclfp-four-points-santiago/overview/,Providencia,CL,Santa Magdalena 111,chile_santiago_hotel_osm_2026_05_12,osm_overpass,tourism,way/447779248
Riviera Maya,,,Riviera Maya,,Santiago,CL,Santa Monica,chile_santiago_hotel_osm_2026_05_12,osm_overpass,tourism,way/447779285
Capital Apart Hotel,reservas@capitalapart.cl,(562)2591 3100,Capital Apart Hotel,www.capitalapart.cl,Santiago,CL,San Pablo 1457,chile_santiago_hotel_osm_2026_05_12,osm_overpass,tourism,way/448180870
Hotel Olicar 1,,,Hotel Olicar 1,,Santiago,CL,San Pablo,chile_santiago_hotel_osm_2026_05_12,osm_overpass,tourism,way/448180872
Hotel Blue,,,Hotel Blue,,Santiago,CL,General Bulnes,chile_santiago_hotel_osm_2026_05_12,osm_overpass,tourism,way/448192597
Bellas Artes Palace,,,Bellas Artes Palace,,Santiago,CL,Santo Domingo 444,chile_santiago_hotel_osm_2026_05_12,osm_overpass,tourism,way/448196925
Asturiano Motel,,,Asturiano Motel,,Santiago,CL,Catedral,chile_santiago_hotel_osm_2026_05_12,osm_overpass,tourism,way/448219718
Hotel Santa Lucia,,+56 2 2639 8201,Hotel Santa Lucia,https://www.hotelsantalucia.cl/,Santiago,CL,Huérfanos 779,chile_santiago_hotel_osm_2026_05_12,osm_overpass,tourism,way/448220555
Hotel Casa Aure,,,Hotel Casa Aure,,Santiago,CL,Compañia de Jesus,chile_santiago_hotel_osm_2026_05_12,osm_overpass,tourism,way/448335507
Hostal Americano,,,Hostal Americano,,Santiago,CL,Compañia de Jesus 1906,chile_santiago_hotel_osm_2026_05_12,osm_overpass,tourism,way/448337396
Hotel,,,Hotel,,Santiago,CL,Avenida Ricardo Cumming,chile_santiago_hotel_osm_2026_05_12,osm_overpass,tourism,way/448341830
Hotel Olicar,,,Hotel Olicar,,Santiago,CL,Teatinos,chile_santiago_hotel_osm_2026_05_12,osm_overpass,tourism,way/448352773
Hotel Di Maurier,,,Hotel Di Maurier,,Santiago,CL,Moneda 1510,chile_santiago_hotel_osm_2026_05_12,osm_overpass,tourism,way/448354413
"Hotel 198 (""Panda"")",,,"Hotel 198 (""Panda"")",,Santiago,CL,,chile_santiago_hotel_osm_2026_05_12,osm_overpass,tourism,way/448392281
Tulip Inn Presidente Hotel,,,Tulip Inn Presidente Hotel,,Providencia,CL,Eliodoro Yáñez 867,chile_santiago_hotel_osm_2026_05_12,osm_overpass,tourism,way/448598514
Hotel Montecarlo,,+56 2 6339905,Hotel Montecarlo,,Santiago,CL,Victoria Subercaseaux 209,chile_santiago_hotel_osm_2026_05_12,osm_overpass,tourism,way/448667709
Hotel Sanoz,,,Hotel Sanoz,,Santiago,CL,Copiapó,chile_santiago_hotel_osm_2026_05_12,osm_overpass,tourism,way/448682425
Conchita Flores,,,Conchita Flores,,Providencia,CL,Avenida Manuel Montt 526,chile_santiago_hotel_osm_2026_05_12,osm_overpass,tourism,way/449417814
Mito,,,Mito,,Santiago,CL,Avenida Providencia 139,chile_santiago_hotel_osm_2026_05_12,osm_overpass,tourism,way/449487861
Motel La Vie’n Rose,,,Motel La Vie’n Rose,,La Cisterna,CL,Avenida Américo Vespucio,chile_santiago_hotel_osm_2026_05_12,osm_overpass,tourism,way/449553376
Ramdas - Hotelería Clínica,,+56222649493,Ramdas - Hotelería Clínica,,Providencia,CL,Avenida José Miguel Claro 998,chile_santiago_hotel_osm_2026_05_12,osm_overpass,tourism,way/449960867
Hotel Jotabeche,,,Hotel Jotabeche,,Santiago,CL,Jotabeche,chile_santiago_hotel_osm_2026_05_12,osm_overpass,tourism,way/449981420
Hotel Metro,,,Hotel Metro,,Santiago,CL,Bascuñán Guerrero,chile_santiago_hotel_osm_2026_05_12,osm_overpass,tourism,way/450398184
Bellas Artes Hostel,,+56227169432,Bellas Artes Hostel,,Santiago,CL,Antonia López de Bello,chile_santiago_hotel_osm_2026_05_12,osm_overpass,tourism,way/485740762
City Express by Marriott,,,City Express by Marriott,,Santiago,CL,,chile_santiago_hotel_osm_2026_05_12,osm_overpass,tourism,way/516869301
Hyatt Centric,,,Hyatt Centric,https://lascondessantiago.centric.hyatt.com/es/hotel/home.html,Las Condes,CL,Enrique Foster Norte 30,chile_santiago_hotel_osm_2026_05_12,osm_overpass,tourism,way/543944858
Hotel Neruda Express,reservas@mrhotel.cl,+56223271200,Hotel Neruda Express,https://www.hotelneruda.cl/,Las Condes,CL,Vecinal 40,chile_santiago_hotel_osm_2026_05_12,osm_overpass,tourism,way/570033249
Hotel Neruda Express,reservas@mrapart.cl,+56223271200,Hotel Neruda Express,https://www.hotelneruda.cl/,Las Condes,CL,Vecinal 40,chile_santiago_hotel_osm_2026_05_12,osm_overpass,tourism,way/570033249
Hotel Neruda Express,reservas@mrmarsuites.cl,+56223271200,Hotel Neruda Express,https://www.hotelneruda.cl/,Las Condes,CL,Vecinal 40,chile_santiago_hotel_osm_2026_05_12,osm_overpass,tourism,way/570033249
Hotel Neruda Express,reservas@mrexpress.cl,+56223271200,Hotel Neruda Express,https://www.hotelneruda.cl/,Las Condes,CL,Vecinal 40,chile_santiago_hotel_osm_2026_05_12,osm_overpass,tourism,way/570033249
Hotel Neruda Express,eventos@mrhoteles.cl,+56223271200,Hotel Neruda Express,https://www.hotelneruda.cl/,Las Condes,CL,Vecinal 40,chile_santiago_hotel_osm_2026_05_12,osm_overpass,tourism,way/570033249
Eurohotel,,,Eurohotel,,Providencia,CL,Guardia Vieja 285,chile_santiago_hotel_osm_2026_05_12,osm_overpass,tourism,way/589548032
Ibis Budget,,,Ibis Budget,,Providencia,CL,Avenida Manuel Montt 240,chile_santiago_hotel_osm_2026_05_12,osm_overpass,tourism,way/604384335
Hotel Foresta,,,Hotel Foresta,,Santiago,CL,Victoria Subercaseaux 353,chile_santiago_hotel_osm_2026_05_12,osm_overpass,tourism,way/621762030
ICON Hotel Santiago,,,ICON Hotel Santiago,,Las Condes,CL,Avenida Alonso de Córdova 6050,chile_santiago_hotel_osm_2026_05_12,osm_overpass,tourism,way/636068450
Vo Hotel Barrio Italia,,,Vo Hotel Barrio Italia,,Providencia,CL,Santa Victoria 0139,chile_santiago_hotel_osm_2026_05_12,osm_overpass,tourism,way/638106448
Mandarín Oriental Santiago,,+56229501234,Mandarín Oriental Santiago,https://www.mandarinoriental.com/santiago/las-condes/luxury-hotel,Las Condes,CL,Avenida Presidente Kennedy 4601,chile_santiago_hotel_osm_2026_05_12,osm_overpass,tourism,way/639687669
Ugo Hotel,,,Ugo Hotel,,Providencia,CL,Avenida Holanda 275,chile_santiago_hotel_osm_2026_05_12,osm_overpass,tourism,way/671637713
Apart Hotel Coronel Pereira,,,Apart Hotel Coronel Pereira,,Las Condes,CL,Coronel Pereira 98,chile_santiago_hotel_osm_2026_05_12,osm_overpass,tourism,way/697902125
Nest Paris-Londres,contacto@nestrentalapartments.com,,Nest Paris-Londres,https://nestrentalapartments.com/properties/paris-londres/,Santiago,CL,,chile_santiago_hotel_osm_2026_05_12,osm_overpass,tourism,way/705255872
Salvador Hostal y Café,,,Salvador Hostal y Café,,Providencia,CL,Ricardo Matte Pérez 597,chile_santiago_hotel_osm_2026_05_12,osm_overpass,tourism,way/712431791
Hotel Cumbres Lastarria,info@hotelescumbres.cl,,Hotel Cumbres Lastarria,https://www.cumbreslastarria.com/,Santiago,CL,José Victorino Lastarria 299,chile_santiago_hotel_osm_2026_05_12,osm_overpass,tourism,way/727955518
Hotel Cumbres Lastarria,reservas@hotelescumbres.cl,,Hotel Cumbres Lastarria,https://www.cumbreslastarria.com/,Santiago,CL,José Victorino Lastarria 299,chile_santiago_hotel_osm_2026_05_12,osm_overpass,tourism,way/727955518
Hotel Cumbres Lastarria,infopuertovaras@hotelescumbres.cl,,Hotel Cumbres Lastarria,https://www.cumbreslastarria.com/,Santiago,CL,José Victorino Lastarria 299,chile_santiago_hotel_osm_2026_05_12,osm_overpass,tourism,way/727955518
The Singular Santiago,carole@thesingular.com,+562 2306 8820,The Singular Santiago,https://www.thesingular.com/santiago/lastarria/default-es.html,Santiago,CL,Merced 294,chile_santiago_hotel_osm_2026_05_12,osm_overpass,tourism,way/727955522
The Singular Santiago,infosantiago@thesingular.com,+562 2306 8820,The Singular Santiago,https://www.thesingular.com/santiago/lastarria/default-es.html,Santiago,CL,Merced 294,chile_santiago_hotel_osm_2026_05_12,osm_overpass,tourism,way/727955522
The Singular Santiago,dorellana@thesingular.com,+562 2306 8820,The Singular Santiago,https://www.thesingular.com/santiago/lastarria/default-es.html,Santiago,CL,Merced 294,chile_santiago_hotel_osm_2026_05_12,osm_overpass,tourism,way/727955522
The Singular Santiago,infopatagonia@thesingular.com,+562 2306 8820,The Singular Santiago,https://www.thesingular.com/santiago/lastarria/default-es.html,Santiago,CL,Merced 294,chile_santiago_hotel_osm_2026_05_12,osm_overpass,tourism,way/727955522
The Singular Santiago,aherrera@thesingular.com,+562 2306 8820,The Singular Santiago,https://www.thesingular.com/santiago/lastarria/default-es.html,Santiago,CL,Merced 294,chile_santiago_hotel_osm_2026_05_12,osm_overpass,tourism,way/727955522
Lastarria Santiago Suite,,,Lastarria Santiago Suite,,Santiago,CL,Padre Luis de Valdivia 339,chile_santiago_hotel_osm_2026_05_12,osm_overpass,tourism,way/729246178
Ismael Hotel,reservas@ismaelhotel.com,+56226167600,Ismael Hotel,https://www.ismaelhotel.com/,Santiago,CL,Ismael Valdés Vergara 312,chile_santiago_hotel_osm_2026_05_12,osm_overpass,tourism,way/766744737
Ismael Hotel,recepcion@ismaelhotel.com,+56226167600,Ismael Hotel,https://www.ismaelhotel.com/,Santiago,CL,Ismael Valdés Vergara 312,chile_santiago_hotel_osm_2026_05_12,osm_overpass,tourism,way/766744737
Ismael Hotel,info@ismaelhotel.com,+56226167600,Ismael Hotel,https://www.ismaelhotel.com/,Santiago,CL,Ismael Valdés Vergara 312,chile_santiago_hotel_osm_2026_05_12,osm_overpass,tourism,way/766744737
Chalet Providencia Costanera,,,Chalet Providencia Costanera,,Providencia,CL,La Herradura 2751,chile_santiago_hotel_osm_2026_05_12,osm_overpass,tourism,way/855685637
Hotel He Wang,,,Hotel He Wang,,Santiago,CL,Libertad 22,chile_santiago_hotel_osm_2026_05_12,osm_overpass,tourism,way/949416063
Hotel Sierra Bella,,+56 9 8486 61 74,Hotel Sierra Bella,,Santiago,CL,Sierra Bella 1191,chile_santiago_hotel_osm_2026_05_12,osm_overpass,tourism,way/973005617
Hostal Providencia,,,Hostal Providencia,https://www.hostalprovidencia.com,Providencia,CL,Ernesto Prado Tagle 85,chile_santiago_hotel_osm_2026_05_12,osm_overpass,tourism,way/986753821
Hotel Diego de Almagro Express,,,Hotel Diego de Almagro Express,,Providencia,CL,Almirante Pastene 120,chile_santiago_hotel_osm_2026_05_12,osm_overpass,tourism,way/1114741909
Debaines Hotel,,,Debaines Hotel,,Santiago,CL,Agustinas 720,chile_santiago_hotel_osm_2026_05_12,osm_overpass,tourism,way/1148813522
Hotel Las Majadas,,,Hotel Las Majadas,,Santiago,CL,,chile_santiago_hotel_osm_2026_05_12,osm_overpass,tourism,way/1170949672
Hotel Voilà Londres,,,Hotel Voilà Londres,,Santiago,CL,Londres 61,chile_santiago_hotel_osm_2026_05_12,osm_overpass,tourism,way/1173973850
Hotel Cabernet,,,Hotel Cabernet,,Providencia,CL,Pío Nono 193,chile_santiago_hotel_osm_2026_05_12,osm_overpass,tourism,way/1215386583
Hotel One Manquehue,,,Hotel One Manquehue,,Las Condes,CL,Avenida Manquehue 321,chile_santiago_hotel_osm_2026_05_12,osm_overpass,tourism,way/1234414885
Eco Hostal Tambo Verde,hola@hostal-tamboverde.com,+56-2-2316 0128,Eco Hostal Tambo Verde,http://www.hostal-tamboverde.com/,Santiago,CL,Capellán Abarzúa 131,chile_santiago_hotel_osm_2026_05_12,osm_overpass,tourism,way/1237451623
Maison Italia 1029,reservas@maison-italia.com,,Maison Italia 1029,https://maisonitalia1029.com/,Providencia,CL,Avenida Italia 1029,chile_santiago_hotel_osm_2026_05_12,osm_overpass,tourism,way/1273575589
Maison Italia 1029,contacto@maison-italia.com,,Maison Italia 1029,https://maisonitalia1029.com/,Providencia,CL,Avenida Italia 1029,chile_santiago_hotel_osm_2026_05_12,osm_overpass,tourism,way/1273575589
Albergue Municipal de Las Condes,,,Albergue Municipal de Las Condes,,Santiago,CL,Santa Zita,chile_santiago_hotel_osm_2026_05_12,osm_overpass,tourism,way/1293960600
Sheraton San Cristobal,,,Sheraton San Cristobal,,Santiago,CL,Los Conquistadores 1742,chile_santiago_hotel_osm_2026_05_12,osm_overpass,tourism,way/1461933151
Los Gatitos,,,Los Gatitos,,Macul,CL,Avenida Macul 4849,chile_santiago_hotel_osm_2026_05_12,osm_overpass,tourism,way/1503597252
