email,FIRSTNAME,LASTNAME,COMPANY,INDUSTRY,CITY,STATE,WEBSITE
info@colemancoattorneys.com,Emily,Walker,"Coleman & Co., Attorneys at Law",Law Firm,Juneau,Alaska,www.colemancoattorneysatla.com
info@adamsmontgomerycoa.com,Anthony,White,"Adams Montgomery & Co., Attorneys at Law",Law Firm,Fairbanks,Alaska,www.adamsmontgomerycoattor.com
info@bennettlawfirm.com,Karen,Nelson,Bennett Law Firm,Law Firm,Anchorage,Alaska,www.bennettlawfirm.com
contact@morganpartners.com,Carol,Young,Morgan & Partners,Law Firm,Phoenix,Arizona,www.morganpartners.com
info@hernezharrisonatto.com,George,Nguyen,Hernandez Harrison Attorneys,Law Firm,Tucson,Arizona,www.hernezharrisonattorney.com
info@greenhawthornelawg.com,Anthony,Flores,Green Hawthorne Law Group,Law Firm,Scottsdale,Arizona,www.greenhawthornelawgroup.com
info@hawthornelaw.com,Kevin,Garcia,Hawthorne Law,Law Firm,Scottsdale,Arizona,www.hawthornelaw.com
info@morganlawgroup.com,Daniel,Smith,Morgan Law Group,Law Firm,Phoenix,Arizona,www.morganlawgroup.com
info@kensingtoncoattorn.com,Sandra,Young,"Kensington & Co., Attorneys at Law",Law Firm,Tucson,Arizona,www.kensingtoncoattorneysa.com
info@morganlegal.com,Paul,Green,Morgan Legal,Law Firm,Little Rock,Arkansas,www.morganlegal.com
info@goldsteinlegal.com,Sarah,Anderson,Goldstein Legal,Law Firm,Little Rock,Arkansas,www.goldsteinlegal.com
info@robinsonashfordleg.com,Kenneth,Lee,Robinson Ashford Legal Services,Law Firm,Fayetteville,Arkansas,www.robinsonashfordlegalse.com
info@whitakerlawoffice.com,Kevin,Thompson,Whitaker Law Office,Law Firm,Bentonville,Arkansas,www.whitakerlawoffice.com
info@thomaspierceattorn.com,Linda,Rodriguez,Thomas Pierce Attorneys,Law Firm,Fayetteville,Arkansas,www.thomaspierceattorneys.com
info@colemanpllc.com,Nancy,Rivera,Coleman PLLC,Law Firm,San Francisco,California,www.colemanpllc.com
contact@sinclairattorneys.com,Deborah,Rivera,Sinclair Attorneys,Law Firm,Los Angeles,California,www.sinclairattorneys.com
info@ashfordcoattorneys.com,Carol,Mitchell,"Ashford & Co., Attorneys at Law",Law Firm,San Diego,California,www.ashfordcoattorneysatla.com
info@mitchellkensington.com,Ashley,Anderson,Mitchell Kensington Attorneys,Law Firm,Los Angeles,California,www.mitchellkensingtonatto.com
info@whitakerlegal.com,Matthew,Green,Whitaker Legal,Law Firm,Denver,Colorado,www.whitakerlegal.com
info@oconnorlawoffice.com,Donna,Anderson,O'Connor Law Office,Law Firm,Boulder,Colorado,www.oconnorlawoffice.com
info@blackwellattorneys.com,Melissa,Anderson,Blackwell Attorneys,Law Firm,Colorado Springs,Colorado,www.blackwellattorneys.com
info@clarkhawthorneatto.com,Timothy,Wilson,Clark Hawthorne Attorneys,Law Firm,Boulder,Colorado,www.clarkhawthorneattorney.com
contact@brennanassociates.com,Jessica,Martin,Brennan & Associates,Law Firm,New Haven,Connecticut,www.brennanassociates.com
info@perezbrennanlawoff.com,Linda,Martin,Perez Brennan Law Office,Law Firm,Stamford,Connecticut,www.perezbrennanlawoffice.com
contact@morganpartners.com,Carol,Young,Morgan & Partners,Law Firm,Hartford,Connecticut,www.morganpartners.com
info@leeharrisonlegal.com,Robert,Young,Lee Harrison Legal,Law Firm,Stamford,Connecticut,www.leeharrisonlegal.com
info@leepierceattorneys.com,Carol,Perez,Lee Pierce Attorneys,Law Firm,Hartford,Connecticut,www.leepierceattorneys.com
info@martinezmontgomery.com,Jessica,Lopez,Martinez Montgomery Attorneys,Law Firm,Dover,Delaware,www.martinezmontgomeryatto.com
info@harrisonassociates.com,Matthew,Moore,Harrison & Associates,Law Firm,Newark,Delaware,www.harrisonassociates.com
contact@morgancoattorneysa.com,Timothy,Smith,"Morgan & Co., Attorneys at Law",Law Firm,Wilmington,Delaware,www.morgancoattorneysatlaw.com
info@harrisonattorneys.com,Robert,Rivera,Harrison Attorneys,Law Firm,Dover,Delaware,www.harrisonattorneys.com
info@colemanlaw.com,Kevin,Flores,Coleman Law,Law Firm,Newark,Delaware,www.colemanlaw.com
info@kensingtonpartners.com,Daniel,Torres,Kensington & Partners,Law Firm,Dover,Delaware,www.kensingtonpartners.com
info@whitakerpartners.com,Mary,Garcia,Whitaker & Partners,Law Firm,Miami,Florida,www.whitakerpartners.com
info@bennettlawgroup.com,Christopher,Baker,Bennett Law Group,Law Firm,Orlando,Florida,www.bennettlawgroup.com
info@piercelegal.com,Emily,Perez,Pierce Legal,Law Firm,Tampa,Florida,www.piercelegal.com
info@goldsteinlaw.com,Ashley,Taylor,Goldstein Law,Law Firm,Orlando,Florida,www.goldsteinlaw.com
contact@goldsteinattorneys.com,Charles,Baker,Goldstein Attorneys,Law Firm,Tampa,Florida,www.goldsteinattorneys.com
info@blackwelllaw.com,Robert,Hill,Blackwell Law,Law Firm,Miami,Florida,www.blackwelllaw.com
info@allencolemanlawoff.com,Jennifer,Walker,Allen Coleman Law Office,Law Firm,Augusta,Georgia,www.allencolemanlawoffice.com
info@colemanpllc.com,Nancy,Rivera,Coleman PLLC,Law Firm,Savannah,Georgia,www.colemanpllc.com
info@caldwelllawfirm.com,Margaret,Robinson,Caldwell Law Firm,Law Firm,Chicago,Illinois,www.caldwelllawfirm.com
info@oconnorpartners.com,Margaret,Carter,O'Connor & Partners,Law Firm,Aurora,Illinois,www.oconnorpartners.com
info@scottsullivanattor.com,James,Thompson,Scott Sullivan Attorneys,Law Firm,Chicago,Illinois,www.scottsullivanattorneys.com
info@harrisonattorneys.com,Robert,Rivera,Harrison Attorneys,Law Firm,Aurora,Illinois,www.harrisonattorneys.com
info@montgomerylawgroup.com,Ronald,Miller,Montgomery Law Group,Law Firm,Naperville,Illinois,www.montgomerylawgroup.com
info@bennettlegalservic.com,Donald,Baker,Bennett Legal Services,Law Firm,Chicago,Illinois,www.bennettlegalservices.com
info@oconnorlawfirm.com,Ashley,Young,O'Connor Law Firm,Law Firm,Aurora,Illinois,www.oconnorlawfirm.com
contact@hawthornepartners.com,Jennifer,Nguyen,Hawthorne & Partners,Law Firm,Fort Wayne,Indiana,www.hawthornepartners.com
info@rutherfordlegal.com,Deborah,Wilson,Rutherford Legal,Law Firm,Indianapolis,Indiana,www.rutherfordlegal.com
info@walkercaldwelllega.com,Donna,Martinez,Walker Caldwell Legal,Law Firm,Evansville,Indiana,www.walkercaldwelllegal.com
info@goldsteinlaw.com,Ashley,Taylor,Goldstein Law,Law Firm,Fort Wayne,Indiana,www.goldsteinlaw.com
info@williamshawthornep.com,Matthew,Garcia,Williams Hawthorne & Partners,Law Firm,Des Moines,Iowa,www.williamshawthornepartn.com
info@harrisonattorneys.com,Robert,Rivera,Harrison Attorneys,Law Firm,Cedar Rapids,Iowa,www.harrisonattorneys.com
info@kensingtonpartners.com,Daniel,Torres,Kensington & Partners,Law Firm,Des Moines,Iowa,www.kensingtonpartners.com
info@hillcaldwellcoatto.com,Christopher,Allen,"Hill Caldwell & Co., Attorneys at Law",Law Firm,Wichita,Kansas,www.hillcaldwellcoattorney.com
contact@ersonpiercelegal.com,Richard,Thompson,Anderson Pierce Legal,Law Firm,Kansas City,Kansas,www.ersonpiercelegal.com
info@walkerpiercelaw.com,Kevin,Rodriguez,Walker Pierce Law,Law Firm,Overland Park,Kansas,www.walkerpiercelaw.com
info@garciakensingtonla.com,Donna,Jones,Garcia Kensington Law Office,Law Firm,Kansas City,Kansas,www.garciakensingtonlawoff.com
info@bennettlaw.com,James,Davis,Bennett Law,Law Firm,Overland Park,Kansas,www.bennettlaw.com
info@williamspierceasso.com,Stephanie,Sanchez,Williams Pierce & Associates,Law Firm,Baton Rouge,Louisiana,www.williamspierceassociat.com
info@sinclairlawfirm.com,Michelle,Campbell,Sinclair Law Firm,Law Firm,Shreveport,Louisiana,www.sinclairlawfirm.com
contact@bennettcoattorneys.com,Elizabeth,Thomas,"Bennett & Co., Attorneys at Law",Law Firm,Baton Rouge,Louisiana,www.bennettcoattorneysatla.com
info@whitakerlawfirm.com,Michael,Gonzalez,Whitaker Law Firm,Law Firm,Rockville,Maryland,www.whitakerlawfirm.com
contact@brennanlawoffice.com,Anthony,Scott,Brennan Law Office,Law Firm,Rockville,Maryland,www.brennanlawoffice.com
info@robinsonhawthornel.com,Paul,Hill,Robinson Hawthorne Law Group,Law Firm,Baltimore,Maryland,www.robinsonhawthornelawgr.com
contact@goldsteinattorneys.com,Charles,Baker,Goldstein Attorneys,Law Firm,Annapolis,Maryland,www.goldsteinattorneys.com
info@harrisonpllc.com,Joshua,Smith,Harrison PLLC,Law Firm,Worcester,Massachusetts,www.harrisonpllc.com
info@mitchellcolemanlaw.com,Anthony,Nguyen,Mitchell Coleman Law Group,Law Firm,Cambridge,Massachusetts,www.mitchellcolemanlawgrou.com
info@martinezbennettlaw.com,Mark,Campbell,Martinez Bennett Law,Law Firm,Ann Arbor,Michigan,www.martinezbennettlaw.com
info@greenbennettpartne.com,Jessica,Scott,Green Bennett & Partners,Law Firm,Detroit,Michigan,www.greenbennettpartners.com
info@scottbennettassoci.com,Donald,Nguyen,Scott Bennett & Associates,Law Firm,Grand Rapids,Michigan,www.scottbennettassociates.com
info@piercecoattorneysa.com,Margaret,Harris,"Pierce & Co., Attorneys at Law",Law Firm,Grand Rapids,Michigan,www.piercecoattorneysatlaw.com
info@oconnorattorneys.com,Joshua,Martin,O'Connor Attorneys,Law Firm,Saint Paul,Minnesota,www.oconnorattorneys.com
info@sinclairlawgroup.com,Mark,Smith,Sinclair Law Group,Law Firm,Rochester,Minnesota,www.sinclairlawgroup.com
info@rutherfordpllc.com,Michael,Williams,Rutherford PLLC,Law Firm,Minneapolis,Minnesota,www.rutherfordpllc.com
info@oconnorlawfirm.com,Ashley,Young,O'Connor Law Firm,Law Firm,Saint Paul,Minnesota,www.oconnorlawfirm.com
info@sullivanlawgroup.com,Emily,Flores,Sullivan Law Group,Law Firm,Rochester,Minnesota,www.sullivanlawgroup.com
info@thomasblackwellpar.com,Deborah,Martinez,Thomas Blackwell & Partners,Law Firm,Minneapolis,Minnesota,www.thomasblackwellpartner.com
info@colemanlaw.com,Kevin,Flores,Coleman Law,Law Firm,Saint Paul,Minnesota,www.colemanlaw.com
contact@sinclairlaw.com,Andrew,Lewis,Sinclair Law,Law Firm,Saint Louis,Missouri,www.sinclairlaw.com
contact@caldwellattorneys.com,Robert,Taylor,Caldwell Attorneys,Law Firm,Springfield,Missouri,www.caldwellattorneys.com
info@sinclairlawgroup.com,Mark,Smith,Sinclair Law Group,Law Firm,Saint Louis,Missouri,www.sinclairlawgroup.com
info@whitemontgomerycoa.com,Ronald,Mitchell,"White Montgomery & Co., Attorneys at Law",Law Firm,Lincoln,Nebraska,www.whitemontgomerycoattor.com
info@colemanlaw.com,Kevin,Flores,Coleman Law,Law Firm,Grand Island,Nebraska,www.colemanlaw.com
info@davishawthornepart.com,Michelle,Rivera,Davis Hawthorne & Partners,Law Firm,Omaha,Nebraska,www.davishawthornepartners.com
info@piercecoattorneysa.com,Margaret,Harris,"Pierce & Co., Attorneys at Law",Law Firm,Lincoln,Nebraska,www.piercecoattorneysatlaw.com
info@goldsteinlegal.com,Sarah,Anderson,Goldstein Legal,Law Firm,Las Vegas,Nevada,www.goldsteinlegal.com
info@oconnorattorneys.com,Joshua,Martin,O'Connor Attorneys,Law Firm,Reno,Nevada,www.oconnorattorneys.com
info@colemanpartners.com,Margaret,Lewis,Coleman & Partners,Law Firm,Las Vegas,Nevada,www.colemanpartners.com
info@riveramontgomeryas.com,Amanda,Harris,Rivera Montgomery & Associates,Law Firm,Reno,Nevada,www.riveramontgomeryassoci.com
info@whitakerlegal.com,Matthew,Green,Whitaker Legal,Law Firm,Reno,Nevada,www.whitakerlegal.com
info@halloconnorlaw.com,Betty,Harris,Hall O'Connor Law,Law Firm,Newark,New Jersey,www.halloconnorlaw.com
info@nelsonsinclairpart.com,Jessica,Nguyen,Nelson Sinclair & Partners,Law Firm,Jersey City,New Jersey,www.nelsonsinclairpartners.com
info@kensingtonpartners.com,Daniel,Torres,Kensington & Partners,Law Firm,Paterson,New Jersey,www.kensingtonpartners.com
info@harrisonassociates.com,Matthew,Moore,Harrison & Associates,Law Firm,Newark,New Jersey,www.harrisonassociates.com
info@harrisonpartners.com,Richard,Brown,Harrison & Partners,Law Firm,Paterson,New Jersey,www.harrisonpartners.com
info@brownharrisonassoc.com,Margaret,Green,Brown Harrison & Associates,Law Firm,Newark,New Jersey,www.brownharrisonassociate.com
info@smithpierceattorne.com,Andrew,Nguyen,Smith Pierce Attorneys,Law Firm,New York,New York,www.smithpierceattorneys.com
contact@montgomerypllc.com,Robert,Johnson,Montgomery PLLC,Law Firm,Buffalo,New York,www.montgomerypllc.com
info@smithcolemanattorn.com,Jennifer,Miller,Smith Coleman Attorneys,Law Firm,Rochester,New York,www.smithcolemanattorneys.com
info@colemancoattorneys.com,Emily,Walker,"Coleman & Co., Attorneys at Law",Law Firm,New York,New York,www.colemancoattorneysatla.com
info@rutherfordpllc.com,Michael,Williams,Rutherford PLLC,Law Firm,Rochester,New York,www.rutherfordpllc.com
info@blackwellpllc.com,Melissa,Jackson,Blackwell PLLC,Law Firm,New York,New York,www.blackwellpllc.com
contact@brennanassociates.com,Jessica,Martin,Brennan & Associates,Law Firm,Buffalo,New York,www.brennanassociates.com
info@ashfordlawgroup.com,Deborah,Brown,Ashford Law Group,Law Firm,Charlotte,North Carolina,www.ashfordlawgroup.com
info@brownsinclairlegal.com,William,Robinson,Brown Sinclair Legal Services,Law Firm,Raleigh,North Carolina,www.brownsinclairlegalserv.com
info@colemanpllc.com,Nancy,Rivera,Coleman PLLC,Law Firm,Fargo,North Dakota,www.colemanpllc.com
info@williamssullivanla.com,Kevin,Flores,Williams Sullivan Law Office,Law Firm,Bismarck,North Dakota,www.williamssullivanlawoff.com
info@whitakerpartners.com,Mary,Garcia,Whitaker & Partners,Law Firm,Grand Forks,North Dakota,www.whitakerpartners.com
contact@riveracaldwelllawg.com,Kimberly,Walker,Rivera Caldwell Law Group,Law Firm,Fargo,North Dakota,www.riveracaldwelllawgroup.com
info@caldwelllawfirm.com,Margaret,Robinson,Caldwell Law Firm,Law Firm,Bismarck,North Dakota,www.caldwelllawfirm.com
info@hawthorneassociate.com,Richard,Lee,Hawthorne & Associates,Law Firm,Columbus,Ohio,www.hawthorneassociates.com
info@montgomerycoattorn.com,Andrew,Flores,"Montgomery & Co., Attorneys at Law",Law Firm,Cincinnati,Ohio,www.montgomerycoattorneysa.com
info@hillcaldwellcoatto.com,Christopher,Allen,"Hill Caldwell & Co., Attorneys at Law",Law Firm,Cleveland,Ohio,www.hillcaldwellcoattorney.com
contact@whitakerlawgroup.com,Linda,Lewis,Whitaker Law Group,Law Firm,Columbus,Ohio,www.whitakerlawgroup.com
info@cartercolemanlaw.com,Mark,Hernandez,Carter Coleman Law,Law Firm,Oklahoma City,Oklahoma,www.cartercolemanlaw.com
info@garciakensingtonla.com,Donna,Jones,Garcia Kensington Law Office,Law Firm,Tulsa,Oklahoma,www.garciakensingtonlawoff.com
info@thompsonblackwellp.com,Paul,Roberts,Thompson Blackwell & Partners,Law Firm,Norman,Oklahoma,www.thompsonblackwellpartn.com
contact@sullivanlegal.com,Charles,Nguyen,Sullivan Legal,Law Firm,Norman,Oklahoma,www.sullivanlegal.com
info@ashfordlegal.com,Linda,Scott,Ashford Legal,Law Firm,Oklahoma City,Oklahoma,www.ashfordlegal.com
info@sullivanlaw.com,Charles,Young,Sullivan Law,Law Firm,Tulsa,Oklahoma,www.sullivanlaw.com
info@brennanlegal.com,Christopher,Perez,Brennan Legal,Law Firm,Philadelphia,Pennsylvania,www.brennanlegal.com
contact@blackwellassociate.com,Ashley,Adams,Blackwell & Associates,Law Firm,Harrisburg,Pennsylvania,www.blackwellassociates.com
info@robertssullivanlaw.com,Ronald,Robinson,Roberts Sullivan Law Firm,Law Firm,Philadelphia,Pennsylvania,www.robertssullivanlawfirm.com
info@ashfordcoattorneys.com,Carol,Mitchell,"Ashford & Co., Attorneys at Law",Law Firm,Pittsburgh,Pennsylvania,www.ashfordcoattorneysatla.com
contact@lopezwhitakerlawof.com,George,Walker,Lopez Whitaker Law Office,Law Firm,Harrisburg,Pennsylvania,www.lopezwhitakerlawoffice.com
info@nelsonbrennanattor.com,Anthony,Harris,Nelson Brennan Attorneys,Law Firm,Philadelphia,Pennsylvania,www.nelsonbrennanattorneys.com
info@greenmontgomerypar.com,Deborah,Miller,Green Montgomery & Partners,Law Firm,Providence,Rhode Island,www.greenmontgomerypartner.com
contact@whitakerattorneys.com,Elizabeth,Rivera,Whitaker Attorneys,Law Firm,Cranston,Rhode Island,www.whitakerattorneys.com
info@piercelegal.com,Emily,Perez,Pierce Legal,Law Firm,Providence,Rhode Island,www.piercelegal.com
info@caldwelllawfirm.com,Margaret,Robinson,Caldwell Law Firm,Law Firm,Warwick,Rhode Island,www.caldwelllawfirm.com
info@sinclairlegalservi.com,Linda,Davis,Sinclair Legal Services,Law Firm,Providence,Rhode Island,www.sinclairlegalservices.com
contact@harrisonlegalservi.com,Joshua,Hernandez,Harrison Legal Services,Law Firm,Warwick,Rhode Island,www.harrisonlegalservices.com
info@piercelaw.com,Karen,Mitchell,Pierce Law,Law Firm,Nashville,Tennessee,www.piercelaw.com
contact@sinclairlaw.com,Andrew,Lewis,Sinclair Law,Law Firm,Memphis,Tennessee,www.sinclairlaw.com
contact@sullivanlegal.com,Charles,Nguyen,Sullivan Legal,Law Firm,Knoxville,Tennessee,www.sullivanlegal.com
info@oconnorpartners.com,Margaret,Carter,O'Connor & Partners,Law Firm,Knoxville,Tennessee,www.oconnorpartners.com
info@harrisonassociates.com,Matthew,Moore,Harrison & Associates,Law Firm,Houston,Texas,www.harrisonassociates.com
info@hawthornelaw.com,Kevin,Garcia,Hawthorne Law,Law Firm,Dallas,Texas,www.hawthornelaw.com
info@oconnorlawfirm.com,Ashley,Young,O'Connor Law Firm,Law Firm,Houston,Texas,www.oconnorlawfirm.com
contact@goldsteinpartners.com,Linda,Wilson,Goldstein & Partners,Law Firm,Dallas,Texas,www.goldsteinpartners.com
info@sinclairlegalservi.com,Linda,Davis,Sinclair Legal Services,Law Firm,Virginia Beach,Virginia,www.sinclairlegalservices.com
info@brennanlawgroup.com,Mary,Lewis,Brennan Law Group,Law Firm,Arlington,Virginia,www.brennanlawgroup.com
info@wrightcolemanattor.com,Rebecca,Moore,Wright Coleman Attorneys,Law Firm,Virginia Beach,Virginia,www.wrightcolemanattorneys.com
info@oconnorpartners.com,Margaret,Carter,O'Connor & Partners,Law Firm,Arlington,Virginia,www.oconnorpartners.com
info@hillmontgomerylawf.com,Michelle,Green,Hill Montgomery Law Firm,Law Firm,Virginia Beach,Virginia,www.hillmontgomerylawfirm.com
info@oconnorpartners.com,Margaret,Carter,O'Connor & Partners,Law Firm,Spokane,Washington,www.oconnorpartners.com
info@brennanlawgroup.com,Mary,Lewis,Brennan Law Group,Law Firm,Tacoma,Washington,www.brennanlawgroup.com
info@oconnorpartners.com,Margaret,Carter,O'Connor & Partners,Law Firm,Seattle,Washington,www.oconnorpartners.com
info@whitakerlawoffice.com,Kevin,Thompson,Whitaker Law Office,Law Firm,Spokane,Washington,www.whitakerlawoffice.com
info@oconnorlawoffice.com,Donna,Anderson,O'Connor Law Office,Law Firm,Seattle,Washington,www.oconnorlawoffice.com
info@morganlawfirm.com,Daniel,Walker,Morgan Law Firm,Law Firm,Spokane,Washington,www.morganlawfirm.com
info@summitrealtyco.com,Mark,Miller,Summit Realty Co.,Real Estate,Birmingham,Alabama,www.summitrealtyco.com
info@rodriguezsummitrea.com,Joshua,Young,Rodriguez Summit Realty Partners,Real Estate,Birmingham,Alabama,www.rodriguezsummitrealtyp.com
contact@heritagerealtypart.com,Christopher,Hall,Heritage Realty Partners,Real Estate,Mobile,Alabama,www.heritagerealtypartners.com
contact@kingharrisonpartne.com,Thomas,Davis,King Harrison & Partners,Law Firm,Fairbanks,Alaska,
contact@signaturerealtyco.com,Donald,Davis,Signature Realty Co.,Real Estate,Phoenix,Arizona,www.signaturerealtyco.com
info@premierestates.com,Deborah,Jones,Premier Estates,Real Estate,Scottsdale,Arizona,www.premierestates.com
info@wilsonpinnaclehome.com,Ashley,Smith,Wilson Pinnacle Homes,Real Estate,Phoenix,Arizona,www.wilsonpinnaclehomes.com
info@gonzalezlegacyreal.com,Donald,Davis,Gonzalez Legacy Realty Group,Real Estate,Scottsdale,Arizona,www.gonzalezlegacyrealtygr.com
info@beaconrealestategr.com,Jessica,Lewis,Beacon Real Estate Group,Real Estate,Phoenix,Arizona,www.beaconrealestategroup.com
info@keystonerealestate.com,Stephanie,Wright,Keystone Real Estate,Real Estate,Tucson,Arizona,www.keystonerealestate.com
contact@oconnorlegal.com,Deborah,King,O'Connor Legal,Law Firm,Phoenix,Arizona,
contact@heritagehometeam.com,Kimberly,Lewis,Heritage Home Team,Real Estate,Little Rock,Arkansas,www.heritagehometeam.com
contact@martinezurbanreale.com,James,Smith,Martinez Urban Real Estate,Real Estate,Fayetteville,Arkansas,www.martinezurbanrealestat.com
contact@harrisprestigereal.com,Anthony,Lee,Harris Prestige Realty,Real Estate,Bentonville,Arkansas,www.harrisprestigerealty.com
info@goldengaterealesta.com,Ronald,Rivera,Golden Gate Real Estate Group,Real Estate,Little Rock,Arkansas,www.goldengaterealestategr.com
info@urbanestates.com,Kenneth,Sanchez,Urban Estates,Real Estate,Fayetteville,Arkansas,www.urbanestates.com
info@robertswhitakerass.com,William,Davis,Roberts Whitaker & Associates,Law Firm,Fayetteville,Arkansas,
info@morganlawoffice.com,Karen,Hernandez,Morgan Law Office,Law Firm,Little Rock,Arkansas,
info@ridgerealestategro.com,Steven,Lewis,Ridge Real Estate Group,Real Estate,Los Angeles,California,www.ridgerealestategroup.com
info@pinnaclerealty.com,Donna,Hill,Pinnacle Realty,Real Estate,San Diego,California,www.pinnaclerealty.com
info@skylinerealty.com,Stephanie,Adams,Skyline Realty,Real Estate,Los Angeles,California,www.skylinerealty.com
info@ridgehomes.com,Richard,Carter,Ridge Homes,Real Estate,San Francisco,California,www.ridgehomes.com
info@harborrealty.com,Jessica,Rivera,Harbor Realty,Real Estate,Los Angeles,California,www.harborrealty.com
info@beaconrealestate.com,Joshua,Rivera,Beacon Real Estate,Real Estate,San Francisco,California,www.beaconrealestate.com
info@hawthornelawfirm.com,Anthony,Adams,Hawthorne Law Firm,Law Firm,Los Angeles,California,
info@greenrutherfordpll.com,Paul,Hall,Green Rutherford PLLC,Law Firm,San Francisco,California,
info@hillashfordpllc.com,Joshua,Smith,Hill Ashford PLLC,Law Firm,San Francisco,California,
info@premierestates.com,Deborah,Jones,Premier Estates,Real Estate,Denver,Colorado,www.premierestates.com
info@harborpropertypart.com,Kevin,Lee,Harbor Property Partners,Real Estate,Denver,Colorado,www.harborpropertypartners.com
contact@robinsonurbanhomet.com,Lisa,Hall,Robinson Urban Home Team,Real Estate,Colorado Springs,Colorado,www.robinsonurbanhometeam.com
contact@greencoastalrealty.com,George,Green,Green Coastal Realty Group,Real Estate,Colorado Springs,Colorado,www.greencoastalrealtygrou.com
info@thomassinclairlaw.com,David,Torres,Thomas Sinclair Law,Law Firm,Denver,Colorado,
info@colemanlawgroup.com,Jennifer,Lee,Coleman Law Group,Law Firm,Denver,Colorado,
info@sullivanpartners.com,Daniel,Adams,Sullivan & Partners,Law Firm,Colorado Springs,Colorado,
contact@smithpiercepartner.com,Michael,Hill,Smith Pierce & Partners,Law Firm,Hartford,Connecticut,
info@skylinerealtygroup.com,Joseph,Johnson,Skyline Realty Group,Real Estate,New Haven,Connecticut,www.skylinerealtygroup.com
info@legacyrealtyco.com,James,Wright,Legacy Realty Co.,Real Estate,Hartford,Connecticut,www.legacyrealtyco.com
contact@jacksonkeystonehom.com,Susan,Allen,Jackson Keystone Homes,Real Estate,New Haven,Connecticut,www.jacksonkeystonehomes.com
info@jacksoncolemanlawf.com,Donna,Baker,Jackson Coleman Law Firm,Law Firm,Wilmington,Delaware,
contact@heritagerealtypart.com,Christopher,Hall,Heritage Realty Partners,Real Estate,Wilmington,Delaware,www.heritagerealtypartners.com
info@skylinerealtyco.com,Mark,Green,Skyline Realty Co.,Real Estate,Dover,Delaware,www.skylinerealtyco.com
info@beaconrealestategr.com,Jessica,Lewis,Beacon Real Estate Group,Real Estate,Wilmington,Delaware,www.beaconrealestategroup.com
info@martinlegacyestate.com,George,Perez,Martin Legacy Estates,Real Estate,Dover,Delaware,www.martinlegacyestates.com
info@coastalrealtygroup.com,Mark,Ramirez,Coastal Realty Group,Real Estate,Newark,Delaware,www.coastalrealtygroup.com
info@heritagerealty.com,David,Lee,Heritage Realty,Real Estate,Wilmington,Delaware,www.heritagerealty.com
contact@prestigehometeam.com,Kevin,Wilson,Prestige Home Team,Real Estate,Dover,Delaware,www.prestigehometeam.com
info@premierrealtyco.com,Michael,Wright,Premier Realty Co.,Real Estate,Miami,Florida,www.premierrealtyco.com
