SCORE,FIRSTNAME,LASTNAME,EMAIL,COMPANY,INDUSTRY,CITY,STATE,WEBSITE,PHONE,WHY
13,Betty,Holloway,info@hudsonwealthpartners.com,Hudson Wealth Partners,Financial Services,New York City,New York,www.hudsonwealthpartners.com,(212) 555-0543,High trust niche — advisors need authority content
13,Nathan,Ellis,info@wallstadvisorygroup.com,Wall St Advisory Group,Financial Services,New York City,New York,www.wallstadvisorygroup.com,(212) 555-0657,High trust niche — advisors need authority content
13,Jerome,Singleton,info@buffalotaxadvisors.com,Buffalo Tax Advisors,Financial Services,Buffalo,New York,www.buffalotaxadvisors.com,(716) 555-0871,High trust niche — advisors need authority content
13,Deborah,Walsh,info@albanyfinancialplanning.com,Albany Financial Planning,Financial Services,Albany,New York,www.albanyfinancialplanning.com,(518) 555-0988,High trust niche — advisors need authority content
13,Cynthia,Flores,info@pacificcoastadvisors.com,Pacific Coast Advisors,Financial Services,San Francisco,California,www.pacificcoastadvisors.com,(415) 555-0321,High trust niche — advisors need authority content
13,Frank,Okoro,info@lapremiertaxfirm.com,LA Premier Tax Firm,Financial Services,Los Angeles,California,www.lapremiertaxfirm.com,(310) 555-0438,High trust niche — advisors need authority content
13,Marcia,Crawford,info@svwealthmanagement.com,SV Wealth Management,Financial Services,San Jose,California,www.svwealthmanagement.com,(408) 555-0545,High trust niche — advisors need authority content
13,Patricia,Ogunwale,info@inlandempireaccounting.com,Inland Empire Accounting,Financial Services,Riverside,California,www.inlandempireaccounting.com,(909) 555-0769,High trust niche — advisors need authority content
13,Mitchell,Stone,info@sacramentofirstfinancial.com,Sacramento First Financial,Financial Services,Sacramento,California,www.sacramentofirstfinancial.com,(916) 555-0876,High trust niche — advisors need authority content
13,Dorothy,Palmer,info@lonestarfinancialgroup.com,Lone Star Financial Group,Financial Services,Dallas,Texas,www.lonestarfinancialgroup.com,(214) 555-0194,High trust niche — advisors need authority content
13,Felicia,Cruz,info@houstontaxsolutions.com,Houston Tax Solutions,Financial Services,Houston,Texas,www.houstontaxsolutions.com,(713) 555-0428,High trust niche — advisors need authority content
13,Irving,Mendez,info@sanantonioinsurepros.com,San Antonio Insure Pros,Financial Services,San Antonio,Texas,www.sanantonioinsurepros.com,(210) 555-0535,High trust niche — advisors need authority content
13,Oscar,Romero,info@chicagofinancialpartners.com,Chicago Financial Partners,Financial Services,Chicago,Illinois,www.chicagofinancialpartners.com,(312) 555-0759,High trust niche — advisors need authority content
13,Lorraine,Perkins,info@greatlakestaxgroup.com,Great Lakes Tax Group,Financial Services,Chicago,Illinois,www.greatlakestaxgroup.com,(773) 555-0876,High trust niche — advisors need authority content
13,Rosa,Rivera,info@springfieldilfinancial.com,Springfield IL Financial,Financial Services,Springfield,Illinois,www.springfieldilfinancial.com,(217) 555-0298,High trust niche — advisors need authority content
13,Earl,Norris,info@napervilleaccountingpros.com,Naperville Accounting Pros,Financial Services,Naperville,Illinois,www.napervilleaccountingpros.com,(630) 555-0415,High trust niche — advisors need authority content
13,June,Armstrong,info@coastalwealthmanagement.com,Coastal Wealth Management,Financial Services,Miami,Florida,www.coastalwealthmanagement.com,(305) 555-0522,High trust niche — advisors need authority content
13,Valerie,Mason,info@tampabayinsurancepros.com,Tampa Bay Insurance Pros,Financial Services,Tampa,Florida,www.tampabayinsurancepros.com,(813) 555-0746,High trust niche — advisors need authority content
13,Preston,Walters,info@jaxaccountingservices.com,Jax Accounting Services,Financial Services,Jacksonville,Florida,www.jaxaccountingservices.com,(904) 555-0853,High trust niche — advisors need authority content
13,Audrey,Kim,info@longbeachcapitalgroup.com,Long Beach Capital Group,Financial Services,Long Beach,California,www.longbeachcapitalgroup.com,(562) 555-0769,High trust niche — advisors need authority content
13,Florence,Nakamura,info@bronxtaxservicesny.com,Bronx Tax Services NY,Financial Services,Bronx,New York,www.bronxtaxservicesny.com,(718) 555-0193,High trust niche — advisors need authority content
13,Grant,Patterson,info@houstoncapitaladvisors.com,Houston Capital Advisors,Financial Services,Houston,Texas,www.houstoncapitaladvisors.com,(832) 555-0321,High trust niche — advisors need authority content
13,Ivan,Romero,info@jolietilfinancial.com,Joliet IL Financial,Financial Services,Joliet,Illinois,www.jolietilfinancial.com,(815) 555-0565,High trust niche — advisors need authority content
13,Janet,Powell,info@waukegantaxadvisors.com,Waukegan Tax Advisors,Financial Services,Waukegan,Illinois,www.waukegantaxadvisors.com,(847) 555-0682,High trust niche — advisors need authority content
13,Nadine,Okafor,info@pensacolafintaxfl.com,Pensacola Fin Tax FL,Financial Services,Pensacola,Florida,www.pensacolafintaxfl.com,(850) 555-0116,High trust niche — advisors need authority content
13,Owen,Yates,info@bocaratonwealthmgmt.com,Boca Raton Wealth Mgmt,Financial Services,Boca Raton,Florida,www.bocaratonwealthmgmt.com,(561) 555-0233,High trust niche — advisors need authority content
13,Quentin,Flores,info@hialeahaccountingfl.com,Hialeah Accounting FL,Financial Services,Hialeah,Florida,www.hialeahaccountingfl.com,(305) 555-0468,High trust niche — advisors need authority content
13,Ronda,Simmons,info@fresnofinancialgroup.com,Fresno Financial Group,Financial Services,Fresno,California,www.fresnofinancialgroup.com,(559) 555-0585,High trust niche — advisors need authority content
12,Nancy,Rivera,info@colemanpllc.com,Coleman PLLC,Law Firm,San Francisco,California,www.colemanpllc.com,(310) 341-2232,High retainer value — legal clients avg $2–5K/mo
12,Deborah,Rivera,contact@sinclairattorneys.com,Sinclair Attorneys,Law Firm,Los Angeles,California,www.sinclairattorneys.com,(310) 555-8166,High retainer value — legal clients avg $2–5K/mo
12,Carol,Mitchell,info@ashfordcoattorneys.com,"Ashford & Co., Attorneys at Law",Law Firm,San Diego,California,www.ashfordcoattorneysatla.com,(310) 731-3565,High retainer value — legal clients avg $2–5K/mo
12,Ashley,Anderson,info@mitchellkensington.com,Mitchell Kensington Attorneys,Law Firm,Los Angeles,California,www.mitchellkensingtonatto.com,(310) 369-8315,High retainer value — legal clients avg $2–5K/mo
12,Mary,Garcia,info@whitakerpartners.com,Whitaker & Partners,Law Firm,Miami,Florida,www.whitakerpartners.com,(305) 852-2480,High retainer value — legal clients avg $2–5K/mo
12,Christopher,Baker,info@bennettlawgroup.com,Bennett Law Group,Law Firm,Orlando,Florida,www.bennettlawgroup.com,(305) 401-1654,High retainer value — legal clients avg $2–5K/mo
12,Emily,Perez,info@piercelegal.com,Pierce Legal,Law Firm,Tampa,Florida,www.piercelegal.com,(305) 948-2970,High retainer value — legal clients avg $2–5K/mo
12,Ashley,Taylor,info@goldsteinlaw.com,Goldstein Law,Law Firm,Orlando,Florida,www.goldsteinlaw.com,(305) 310-7413,High retainer value — legal clients avg $2–5K/mo
12,Charles,Baker,contact@goldsteinattorneys.com,Goldstein Attorneys,Law Firm,Tampa,Florida,www.goldsteinattorneys.com,(305) 715-7063,High retainer value — legal clients avg $2–5K/mo
12,Robert,Hill,info@blackwelllaw.com,Blackwell Law,Law Firm,Miami,Florida,www.blackwelllaw.com,(305) 374-5169,High retainer value — legal clients avg $2–5K/mo
12,Jennifer,Walker,info@allencolemanlawoff.com,Allen Coleman Law Office,Law Firm,Augusta,Georgia,www.allencolemanlawoffice.com,(404) 933-7152,High retainer value — legal clients avg $2–5K/mo
12,Nancy,Rivera,info@colemanpllc.com,Coleman PLLC,Law Firm,Savannah,Georgia,www.colemanpllc.com,(404) 341-2232,High retainer value — legal clients avg $2–5K/mo
12,Margaret,Robinson,info@caldwelllawfirm.com,Caldwell Law Firm,Law Firm,Chicago,Illinois,www.caldwelllawfirm.com,(312) 778-5309,High retainer value — legal clients avg $2–5K/mo
12,Margaret,Carter,info@oconnorpartners.com,O'Connor & Partners,Law Firm,Aurora,Illinois,www.oconnorpartners.com,(312) 806-3970,High retainer value — legal clients avg $2–5K/mo
12,James,Thompson,info@scottsullivanattor.com,Scott Sullivan Attorneys,Law Firm,Chicago,Illinois,www.scottsullivanattorneys.com,(312) 808-4248,High retainer value — legal clients avg $2–5K/mo
12,Robert,Rivera,info@harrisonattorneys.com,Harrison Attorneys,Law Firm,Aurora,Illinois,www.harrisonattorneys.com,(312) 765-3261,High retainer value — legal clients avg $2–5K/mo
12,Ronald,Miller,info@montgomerylawgroup.com,Montgomery Law Group,Law Firm,Naperville,Illinois,www.montgomerylawgroup.com,(312) 627-9577,High retainer value — legal clients avg $2–5K/mo
12,Donald,Baker,info@bennettlegalservic.com,Bennett Legal Services,Law Firm,Chicago,Illinois,www.bennettlegalservices.com,(312) 518-8552,High retainer value — legal clients avg $2–5K/mo
12,Ashley,Young,info@oconnorlawfirm.com,O'Connor Law Firm,Law Firm,Aurora,Illinois,www.oconnorlawfirm.com,(312) 817-5457,High retainer value — legal clients avg $2–5K/mo
12,Mark,Campbell,info@martinezbennettlaw.com,Martinez Bennett Law,Law Firm,Ann Arbor,Michigan,www.martinezbennettlaw.com,(313) 910-3856,High retainer value — legal clients avg $2–5K/mo
12,Jessica,Scott,info@greenbennettpartne.com,Green Bennett & Partners,Law Firm,Detroit,Michigan,www.greenbennettpartners.com,(313) 357-4141,High retainer value — legal clients avg $2–5K/mo
12,Donald,Nguyen,info@scottbennettassoci.com,Scott Bennett & Associates,Law Firm,Grand Rapids,Michigan,www.scottbennettassociates.com,(313) 518-1811,High retainer value — legal clients avg $2–5K/mo
12,Margaret,Harris,info@piercecoattorneysa.com,"Pierce & Co., Attorneys at Law",Law Firm,Grand Rapids,Michigan,www.piercecoattorneysatlaw.com,(313) 903-6780,High retainer value — legal clients avg $2–5K/mo
12,Andrew,Nguyen,info@smithpierceattorne.com,Smith Pierce Attorneys,Law Firm,New York,New York,www.smithpierceattorneys.com,(212) 832-8646,High retainer value — legal clients avg $2–5K/mo
12,Robert,Johnson,contact@montgomerypllc.com,Montgomery PLLC,Law Firm,Buffalo,New York,www.montgomerypllc.com,(212) 232-5652,High retainer value — legal clients avg $2–5K/mo
12,Jennifer,Miller,info@smithcolemanattorn.com,Smith Coleman Attorneys,Law Firm,Rochester,New York,www.smithcolemanattorneys.com,(212) 905-8827,High retainer value — legal clients avg $2–5K/mo
12,Emily,Walker,info@colemancoattorneys.com,"Coleman & Co., Attorneys at Law",Law Firm,New York,New York,www.colemancoattorneysatla.com,(212) 855-9535,High retainer value — legal clients avg $2–5K/mo
12,Michael,Williams,info@rutherfordpllc.com,Rutherford PLLC,Law Firm,Rochester,New York,www.rutherfordpllc.com,(212) 962-7007,High retainer value — legal clients avg $2–5K/mo
12,Melissa,Jackson,info@blackwellpllc.com,Blackwell PLLC,Law Firm,New York,New York,www.blackwellpllc.com,(212) 519-9337,High retainer value — legal clients avg $2–5K/mo
12,Jessica,Martin,contact@brennanassociates.com,Brennan & Associates,Law Firm,Buffalo,New York,www.brennanassociates.com,(212) 319-6137,High retainer value — legal clients avg $2–5K/mo
12,Deborah,Brown,info@ashfordlawgroup.com,Ashford Law Group,Law Firm,Charlotte,North Carolina,www.ashfordlawgroup.com,(704) 815-3767,High retainer value — legal clients avg $2–5K/mo
12,William,Robinson,info@brownsinclairlegal.com,Brown Sinclair Legal Services,Law Firm,Raleigh,North Carolina,www.brownsinclairlegalserv.com,(704) 364-2394,High retainer value — legal clients avg $2–5K/mo
12,Richard,Lee,info@hawthorneassociate.com,Hawthorne & Associates,Law Firm,Columbus,Ohio,www.hawthorneassociates.com,(614) 212-5114,High retainer value — legal clients avg $2–5K/mo
12,Andrew,Flores,info@montgomerycoattorn.com,"Montgomery & Co., Attorneys at Law",Law Firm,Cincinnati,Ohio,www.montgomerycoattorneysa.com,(614) 592-3408,High retainer value — legal clients avg $2–5K/mo
12,Christopher,Allen,info@hillcaldwellcoatto.com,"Hill Caldwell & Co., Attorneys at Law",Law Firm,Cleveland,Ohio,www.hillcaldwellcoattorney.com,(614) 254-2345,High retainer value — legal clients avg $2–5K/mo
12,Linda,Lewis,contact@whitakerlawgroup.com,Whitaker Law Group,Law Firm,Columbus,Ohio,www.whitakerlawgroup.com,(614) 682-3138,High retainer value — legal clients avg $2–5K/mo
12,Christopher,Perez,info@brennanlegal.com,Brennan Legal,Law Firm,Philadelphia,Pennsylvania,www.brennanlegal.com,(215) 578-9426,High retainer value — legal clients avg $2–5K/mo
12,Ashley,Adams,contact@blackwellassociate.com,Blackwell & Associates,Law Firm,Harrisburg,Pennsylvania,www.blackwellassociates.com,(215) 336-9708,High retainer value — legal clients avg $2–5K/mo
12,Ronald,Robinson,info@robertssullivanlaw.com,Roberts Sullivan Law Firm,Law Firm,Philadelphia,Pennsylvania,www.robertssullivanlawfirm.com,(215) 596-3098,High retainer value — legal clients avg $2–5K/mo
12,Carol,Mitchell,info@ashfordcoattorneys.com,"Ashford & Co., Attorneys at Law",Law Firm,Pittsburgh,Pennsylvania,www.ashfordcoattorneysatla.com,(215) 731-3565,High retainer value — legal clients avg $2–5K/mo
12,George,Walker,contact@lopezwhitakerlawof.com,Lopez Whitaker Law Office,Law Firm,Harrisburg,Pennsylvania,www.lopezwhitakerlawoffice.com,(215) 346-6111,High retainer value — legal clients avg $2–5K/mo
12,Anthony,Harris,info@nelsonbrennanattor.com,Nelson Brennan Attorneys,Law Firm,Philadelphia,Pennsylvania,www.nelsonbrennanattorneys.com,(215) 813-6258,High retainer value — legal clients avg $2–5K/mo
12,Matthew,Moore,info@harrisonassociates.com,Harrison & Associates,Law Firm,Houston,Texas,www.harrisonassociates.com,(713) 923-8458,High retainer value — legal clients avg $2–5K/mo
12,Kevin,Garcia,info@hawthornelaw.com,Hawthorne Law,Law Firm,Dallas,Texas,www.hawthornelaw.com,(713) 257-5580,High retainer value — legal clients avg $2–5K/mo
12,Ashley,Young,info@oconnorlawfirm.com,O'Connor Law Firm,Law Firm,Houston,Texas,www.oconnorlawfirm.com,(713) 817-5457,High retainer value — legal clients avg $2–5K/mo
12,Linda,Wilson,contact@goldsteinpartners.com,Goldstein & Partners,Law Firm,Dallas,Texas,www.goldsteinpartners.com,(713) 379-8534,High retainer value — legal clients avg $2–5K/mo
